<!-- 
	Context configuration for Code Collaborator.  

	For general information on configuring web application contexts, see
	documentation at:  
	
	http://tomcat.apache.org/tomcat-5.5-doc/config/context.html
 --><Context docBase="${catalina.home}/wars/smartbear-ccollab-server.war" privileged="true" reloadable="false">
    	
    <Valve className="com.smartbear.ccollab.auth.AuthTicketValve" collabDbJndiName="/jdbc/collabserver"/>
        
    <Valve characterEncoding="UTF-8" className="org.apache.catalina.authenticator.FormAuthenticator"/>
    	
    <!-- 
		Code Collaborator database configuration.
	
		The underlying database is exposed as a named resource in the 
		application's JNDI namespace at the well-known name "/jdbc/collabserver".
		Because this well-known name is also used directly in the software, it 
		*must not* be changed.  However, the underlying datasource can be configured
		to support the specific configuration that is desired.
		
		For information on configuring Data Sources, see documentation available at:
		
		http://tomcat.apache.org/tomcat-5.5-doc/jndi-datasource-examples-howto.html
		
		Keep in mind that Code Collaborator does not necessarily support all of the 
		databases that are documented in the Data Source documentation.
	-->
            
    <Resource driverClassName="com.mysql.cj.jdbc.Driver" factory="org.apache.tomcat.jdbc.pool.DataSourceFactory" maxActive="455" maxIdle="20" maxWait="10000" name="/jdbc/collabserver" password="Swdsbld1" scope="Sharable" testOnBorrow="true" type="javax.sql.DataSource" url="jdbc:mysql://localhost:3306/codecollaborator?useServerPrepStmts=false&amp;useUnicode=true&amp;characterEncoding=UTF-8&amp;autoReconnect=true" username="root" validationQuery="SELECT 1"/>
    	
    <!-- 
		Code Collaborator authentication realm configuration.
		
		For documentation on configuring security realms, see:

		http://tomcat.apache.org/tomcat-5.5-doc/realm-howto.html
		
		If Code Collaborator is not using the configured data source (/jdbc/collabserver),
		for the realm, additional changes must be made, below in Code Collaborator 
		Parameters.  Specifically, the collaborator-authentication parameter must be
		set to false and the system-administrator must be set to a username available 
		in the configured realm.
	 -->
    	
    <Realm allRolesMode="strictAuthOnly" className="org.apache.catalina.realm.DataSourceRealm" dataSourceName="/jdbc/collabserver" localDataSource="true" roleNameCol="user_admin" userCredCol="user_password" userNameCol="user_login" userRoleTable="user" userTable="user">
        		
        <CredentialHandler algorithm="md5" className="org.apache.catalina.realm.MessageDigestCredentialHandler"/>
        	
    </Realm>
    	
    <!-- This needs for proper RTC integration when you put RTC plain libraries to tomcat/shared_lib-->
    	
    <Resources className="org.apache.catalina.webresources.StandardRoot">
        		
        <JarResources base="${catalina.base}/shared_lib" className="org.apache.catalina.webresources.DirResourceSet" webAppMount="/WEB-INF/lib"/>
        		
        <JarResources base="${catalina.home}/shared_lib" className="org.apache.catalina.webresources.DirResourceSet" webAppMount="/WEB-INF/lib"/>
        	
    </Resources>
    	
    <!--
		Code Collaborator Parameters
		
		Configuration parameters made available to the Code Collaborator application.
	 -->
    	
	
    <Parameter description="Is the Code Collaborator database used for authentication?" name="collaborator-authentication" override="false" value="true"/>
        
    <Parameter description="Should older, less secure, clients be allowed to connect to the Code Collaborator server." name="client-compatibility" override="false" value="false"/>
    	
    <Parameter description="The name of the Code Collaborator system administrator who is always allowed to log in." name="system-administrator" override="false" value="admin"/>
    	
    <Parameter description="Directory (relative to tomcat) where Code Collaborator caches file contents." name="content-cache" override="false" value="collaborator-content-cache"/>
    	
    <!-- 
		The following parameter is used for migrating data from one database type to 
		another.  Please read the documentation on database migration carefully before
		changing this value.
	-->
    	
    <Parameter description="Full path to migration/backup database to restore" name="database-migration-data-path" override="false" value=""/>
    	
    <!-- To avoid scanning all files in content-cache while starting tomcat -->
    	
    <JarScanner scanClassPath="false"/>
    
    <Parameter description="Directory (relative to tomcat) where Code Collaborator stores static content." name="content-webserver" override="false" value="collaborator-webserver"/>
    
    <Valve className="org.apache.catalina.valves.ErrorReportValve" showServerInfo="false"/>
    <CookieProcessor className="org.apache.tomcat.util.http.Rfc6265CookieProcessor" sameSiteCookies="lax"/>
</Context>
