<?xml version="1.1"?>
<table name="com.smartbear.ccollab.datamodel.ChangelistData" nrows="2" ncols="13">
	<columns>
		<column name="date" type="date" />
		<column name="upstream" type="char" />
		<column name="author" type="string" />
		<column name="relationId" type="int" />
		<column name="uploadedDate" type="date" />
		<column name="scmIdentifier" type="string" />
		<column name="localGuid" type="string" />
		<column name="valid" type="char" />
		<column name="merge" type="char" />
		<column name="comment" type="string" />
		<column name="id" type="int" />
		<column name="scmId" type="int" />
		<column name="hostGuid" type="string" />
	</columns>
	<rows>
		<row date="2024-02-18T20:41:13UTC" upstream="N" author="fkt304738" relationId="0" uploadedDate="2024-03-05T04:04:04UTC" scmIdentifier="73" localGuid="" valid="Y" merge="N" comment="Testing review creation from the SVN log view. Added a new line." id="12726" scmId="3" hostGuid="40773fca588c4b5849d00766fb4190e5" />
		<row date="2024-02-18T20:38:01UTC" upstream="N" author="fkt304738" relationId="0" uploadedDate="2024-03-05T04:04:04UTC" scmIdentifier="72" localGuid="" valid="Y" merge="N" comment="Testing review creation from the SVN log view." id="12727" scmId="3" hostGuid="40773fca588c4b5849d00766fb4190e5" />
	</rows>
</table>