<?xml version="1.1"?>
<table name="com.smartbear.ccollab.datamodel.GroupDescriptionData" nrows="21" ncols="12">
	<columns>
		<column name="active" type="char" />
		<column name="description" type="string" />
		<column name="source" type="char" />
		<column name="ldapDN" type="string" />
		<column name="defaultTemplateId" type="int" />
		<column name="title" type="string" />
		<column name="type" type="char" />
		<column name="reviewPool" type="char" />
		<column name="allTemplates" type="char" />
		<column name="reportingOnly" type="char" />
		<column name="guid" type="string" />
		<column name="id" type="int" />
	</columns>
	<rows>
		<row active="Y" description="Built-in Group containing all Users" source="N" ldapDN="" defaultTemplateId="0" title="All Users" type="E" reviewPool="N" allTemplates="Y" reportingOnly="Y" guid="da46eace1ca39ec04ed77c82046f6f3c" id="1" />
		<row active="Y" description="" source="N" ldapDN="" defaultTemplateId="0" title="boeing" type="A" reviewPool="N" allTemplates="Y" reportingOnly="N" guid="39f68e320c048969bdef520c49339ea4" id="2" />
		<row active="Y" description="" source="N" ldapDN="" defaultTemplateId="0" title="embraer_e2_hsts" type="A" reviewPool="N" allTemplates="Y" reportingOnly="N" guid="b8a91c17222c88920d122b5fefb1f914" id="4" />
		<row active="Y" description="" source="N" ldapDN="" defaultTemplateId="0" title="gs_pcs" type="A" reviewPool="N" allTemplates="Y" reportingOnly="N" guid="e716e2d757aab99022e82e3be22a9bd9" id="5" />
		<row active="Y" description="" source="N" ldapDN="" defaultTemplateId="27" title="nextgen_tcem" type="A" reviewPool="N" allTemplates="Y" reportingOnly="N" guid="fd91b3245712f8fd9f376d52b67908a6" id="7" />
		<row active="Y" description="" source="N" ldapDN="" defaultTemplateId="0" title="process" type="A" reviewPool="N" allTemplates="Y" reportingOnly="N" guid="cb96c58e8b8a69e95c6fe90610efb400" id="8" />
		<row active="Y" description="" source="N" ldapDN="" defaultTemplateId="0" title="special_products" type="A" reviewPool="N" allTemplates="Y" reportingOnly="N" guid="7e54e4ebb0ff4eace33ac34baf35c5f5" id="9" />
		<row active="Y" description="" source="N" ldapDN="" defaultTemplateId="0" title="sustaining_actuation" type="A" reviewPool="N" allTemplates="Y" reportingOnly="N" guid="db7184d05c392951a027f884274ee01a" id="10" />
		<row active="Y" description="" source="N" ldapDN="" defaultTemplateId="0" title="sustaining_export_restricted" type="A" reviewPool="N" allTemplates="Y" reportingOnly="N" guid="abafa80c6570b8a591a33b4d9eb0b1d6" id="11" />
		<row active="Y" description="" source="N" ldapDN="" defaultTemplateId="0" title="sustaining_pcs" type="A" reviewPool="N" allTemplates="Y" reportingOnly="N" guid="3b660bcb2efd16bf7fa7ce518d489732" id="12" />
		<row active="Y" description="" source="N" ldapDN="" defaultTemplateId="0" title="test_engineering" type="A" reviewPool="N" allTemplates="Y" reportingOnly="N" guid="527d93544068b78b8f8d37a5324ac84d" id="13" />
		<row active="Y" description="" source="N" ldapDN="" defaultTemplateId="0" title="quality" type="A" reviewPool="Y" allTemplates="Y" reportingOnly="Y" guid="5e9a92e78a9d3db661cba831f48cf316" id="14" />
		<row active="Y" description="" source="N" ldapDN="" defaultTemplateId="0" title="safety_engineering" type="A" reviewPool="Y" allTemplates="Y" reportingOnly="Y" guid="9477e9b1f0831f0b3437c5ea537fe447" id="15" />
		<row active="Y" description="" source="N" ldapDN="" defaultTemplateId="0" title="stress_engineering" type="A" reviewPool="Y" allTemplates="Y" reportingOnly="Y" guid="aa5eab7485dd4bc28c15a30cd8dea762" id="16" />
		<row active="Y" description="" source="N" ldapDN="" defaultTemplateId="0" title="collaborator_moderators" type="A" reviewPool="N" allTemplates="Y" reportingOnly="Y" guid="0aacc6c506fb99b99db3fb099b39fe34" id="17" />
		<row active="Y" description="" source="N" ldapDN="" defaultTemplateId="0" title="demo_review" type="A" reviewPool="N" allTemplates="Y" reportingOnly="N" guid="04f397176675e4edaea0996326525b8e" id="18" />
		<row active="Y" description="" source="N" ldapDN="" defaultTemplateId="0" title="bids_proposals_commercial" type="A" reviewPool="N" allTemplates="Y" reportingOnly="N" guid="8820d2147402668c0b0f0dc7d7d0599a" id="19" />
		<row active="Y" description="" source="N" ldapDN="" defaultTemplateId="0" title="bids_proposals_export_restricted" type="A" reviewPool="N" allTemplates="Y" reportingOnly="N" guid="67667eb62021ceb1f44d5f2d04fae38c" id="20" />
		<row active="Y" description="" source="N" ldapDN="" defaultTemplateId="0" title="psrb_nlr" type="A" reviewPool="N" allTemplates="Y" reportingOnly="N" guid="56b6eade9f8f4a1df77828daed61a9c8" id="21" />
		<row active="Y" description="" source="N" ldapDN="" defaultTemplateId="0" title="psrb_itar" type="A" reviewPool="N" allTemplates="Y" reportingOnly="N" guid="d164b45799c913bbf8d6c842700973bb" id="22" />
		<row active="Y" description="" source="N" ldapDN="" defaultTemplateId="0" title="ccd" type="A" reviewPool="N" allTemplates="Y" reportingOnly="N" guid="b8a15ed5b3f2304b9d1a79de5341b13d" id="23" />
	</rows>
</table>