<?xml version="1.1"?>
<table name="com.smartbear.ccollab.datamodel.themes.dbo.WebUIThemePartData" nrows="468" ncols="5">
	<columns>
		<column name="infoId" type="int" />
		<column name="themeId" type="int" />
		<column name="id" type="int" />
		<column name="value" type="string" />
		<column name="linkedInfoId" type="int" />
	</columns>
	<rows>
		<row infoId="1" themeId="1" id="1" value="#0000ff" linkedInfoId="-1" />
		<row infoId="2" themeId="1" id="2" value="#ffffff" linkedInfoId="-1" />
		<row infoId="3" themeId="1" id="3" value="unset" linkedInfoId="-1" />
		<row infoId="4" themeId="1" id="4" value="#4688CE" linkedInfoId="-1" />
		<row infoId="5" themeId="1" id="5" value="#870102" linkedInfoId="-1" />
		<row infoId="6" themeId="1" id="6" value="#00aa00" linkedInfoId="-1" />
		<row infoId="7" themeId="1" id="7" value="#f1f1f3" linkedInfoId="-1" />
		<row infoId="8" themeId="1" id="8" value="#ffffff" linkedInfoId="-1" />
		<row infoId="9" themeId="1" id="9" value="1px" linkedInfoId="-1" />
		<row infoId="10" themeId="1" id="10" value="6px" linkedInfoId="-1" />
		<row infoId="11" themeId="1" id="11" value="0px" linkedInfoId="-1" />
		<row infoId="12" themeId="1" id="12" value="#ffffff" linkedInfoId="-1" />
		<row infoId="13" themeId="1" id="13" value="#ffffff" linkedInfoId="-1" />
		<row infoId="14" themeId="1" id="14" value="#dee0ec" linkedInfoId="-1" />
		<row infoId="15" themeId="1" id="15" value="0.4" linkedInfoId="-1" />
		<row infoId="16" themeId="1" id="16" value="34px" linkedInfoId="-1" />
		<row infoId="17" themeId="1" id="17" value="#EE8888" linkedInfoId="-1" />
		<row infoId="18" themeId="1" id="18" value="#231f20" linkedInfoId="-1" />
		<row infoId="19" themeId="1" id="19" value="#ff0e17" linkedInfoId="-1" />
		<row infoId="20" themeId="1" id="20" value="#870102" linkedInfoId="-1" />
		<row infoId="21" themeId="1" id="21" value="#FAE7B5" linkedInfoId="-1" />
		<row infoId="22" themeId="1" id="22" value="#240935" linkedInfoId="-1" />
		<row infoId="23" themeId="1" id="23" value="#28272f" linkedInfoId="-1" />
		<row infoId="24" themeId="1" id="24" value="#ffffff" linkedInfoId="-1" />
		<row infoId="25" themeId="1" id="25" value="#6D6552" linkedInfoId="-1" />
		<row infoId="26" themeId="1" id="26" value="#000000" linkedInfoId="-1" />
		<row infoId="27" themeId="1" id="27" value="0.8" linkedInfoId="-1" />
		<row infoId="28" themeId="1" id="28" value="#ffffff" linkedInfoId="-1" />
		<row infoId="29" themeId="1" id="29" value="#c9c8c8" linkedInfoId="-1" />
		<row infoId="30" themeId="1" id="30" value="#505050" linkedInfoId="-1" />
		<row infoId="31" themeId="1" id="31" value="#ffffff" linkedInfoId="-1" />
		<row infoId="32" themeId="1" id="32" value="5px" linkedInfoId="-1" />
		<row infoId="33" themeId="1" id="33" value="#000000" linkedInfoId="-1" />
		<row infoId="34" themeId="1" id="34" value="#ff0000" linkedInfoId="-1" />
		<row infoId="35" themeId="1" id="35" value="#d8e8ff" linkedInfoId="-1" />
		<row infoId="36" themeId="1" id="36" value="#C0FFC0" linkedInfoId="-1" />
		<row infoId="37" themeId="1" id="37" value="#ffffff" linkedInfoId="-1" />
		<row infoId="38" themeId="1" id="38" value="#ffffff" linkedInfoId="-1" />
		<row infoId="39" themeId="1" id="39" value="#009700" linkedInfoId="-1" />
		<row infoId="40" themeId="1" id="40" value="#ffffff" linkedInfoId="-1" />
		<row infoId="41" themeId="1" id="41" value="#cccccc" linkedInfoId="-1" />
		<row infoId="42" themeId="1" id="42" value="#606060" linkedInfoId="-1" />
		<row infoId="43" themeId="1" id="43" value="#000000" linkedInfoId="-1" />
		<row infoId="44" themeId="1" id="44" value="8px" linkedInfoId="-1" />
		<row infoId="45" themeId="1" id="45" value="#1976d2" linkedInfoId="-1" />
		<row infoId="46" themeId="1" id="46" value="bold" linkedInfoId="-1" />
		<row infoId="47" themeId="1" id="47" value="#ffff90" linkedInfoId="-1" />
		<row infoId="48" themeId="1" id="48" value="#FFFFFF" linkedInfoId="-1" />
		<row infoId="49" themeId="1" id="49" value="#22232A" linkedInfoId="-1" />
		<row infoId="50" themeId="1" id="50" value="#FFFF88" linkedInfoId="-1" />
		<row infoId="51" themeId="1" id="51" value="#dfdfdf" linkedInfoId="-1" />
		<row infoId="52" themeId="1" id="52" value="#BE7400" linkedInfoId="-1" />
		<row infoId="53" themeId="1" id="53" value="#dddddd" linkedInfoId="-1" />
		<row infoId="54" themeId="1" id="54" value="#4c4c4c" linkedInfoId="-1" />
		<row infoId="55" themeId="1" id="55" value="26px" linkedInfoId="-1" />
		<row infoId="56" themeId="1" id="56" value="#000000" linkedInfoId="-1" />
		<row infoId="57" themeId="1" id="57" value="#FFFF88" linkedInfoId="-1" />
		<row infoId="58" themeId="1" id="58" value="#00aa00" linkedInfoId="-1" />
		<row infoId="59" themeId="1" id="59" value="#bd0000" linkedInfoId="-1" />
		<row infoId="60" themeId="1" id="60" value="#ffffff" linkedInfoId="-1" />
		<row infoId="61" themeId="1" id="61" value="#e8d3d2" linkedInfoId="-1" />
		<row infoId="62" themeId="1" id="62" value="#ffffff" linkedInfoId="-1" />
		<row infoId="63" themeId="1" id="63" value="#98B0FF" linkedInfoId="-1" />
		<row infoId="64" themeId="1" id="64" value="#ffffff" linkedInfoId="-1" />
		<row infoId="65" themeId="1" id="65" value="13px" linkedInfoId="-1" />
		<row infoId="66" themeId="1" id="66" value="#bbbbbb" linkedInfoId="-1" />
		<row infoId="67" themeId="1" id="67" value="#606060" linkedInfoId="-1" />
		<row infoId="68" themeId="1" id="68" value="#3D2B1F" linkedInfoId="-1" />
		<row infoId="69" themeId="1" id="69" value="#f1f1f3" linkedInfoId="-1" />
		<row infoId="70" themeId="1" id="70" value="none" linkedInfoId="-1" />
		<row infoId="71" themeId="1" id="71" value="22px" linkedInfoId="-1" />
		<row infoId="72" themeId="1" id="72" value="#606060" linkedInfoId="-1" />
		<row infoId="73" themeId="1" id="73" value="#ffff90" linkedInfoId="-1" />
		<row infoId="74" themeId="1" id="74" value="#0201ee" linkedInfoId="-1" />
		<row infoId="75" themeId="1" id="75" value="all 0.7s ease" linkedInfoId="-1" />
		<row infoId="76" themeId="1" id="76" value="13px" linkedInfoId="-1" />
		<row infoId="77" themeId="1" id="77" value="unset" linkedInfoId="-1" />
		<row infoId="78" themeId="1" id="78" value="#606060" linkedInfoId="-1" />
		<row infoId="79" themeId="1" id="79" value="#FDD9B5" linkedInfoId="-1" />
		<row infoId="80" themeId="1" id="80" value="#ff0e17" linkedInfoId="-1" />
		<row infoId="81" themeId="1" id="81" value="#00b2ff" linkedInfoId="-1" />
		<row infoId="82" themeId="1" id="82" value="#f1f3ff" linkedInfoId="-1" />
		<row infoId="83" themeId="1" id="83" value="#cdebcf" linkedInfoId="-1" />
		<row infoId="84" themeId="1" id="84" value="#cccccc" linkedInfoId="-1" />
		<row infoId="85" themeId="1" id="85" value="#00b2ff" linkedInfoId="-1" />
		<row infoId="86" themeId="1" id="86" value="#90F090" linkedInfoId="-1" />
		<row infoId="87" themeId="1" id="87" value="#00b2ff" linkedInfoId="-1" />
		<row infoId="88" themeId="1" id="88" value="#f9dcde" linkedInfoId="-1" />
		<row infoId="89" themeId="1" id="89" value="#FFFFFF" linkedInfoId="-1" />
		<row infoId="90" themeId="1" id="90" value="#ffffff" linkedInfoId="-1" />
		<row infoId="91" themeId="1" id="91" value="#22232A" linkedInfoId="-1" />
		<row infoId="92" themeId="1" id="92" value="#F2F7FF" linkedInfoId="-1" />
		<row infoId="93" themeId="1" id="93" value="#f2f2f2" linkedInfoId="-1" />
		<row infoId="94" themeId="1" id="94" value="13px" linkedInfoId="-1" />
		<row infoId="95" themeId="1" id="95" value="#FF8800" linkedInfoId="-1" />
		<row infoId="96" themeId="1" id="96" value="#00b2ff" linkedInfoId="-1" />
		<row infoId="97" themeId="1" id="97" value="underline" linkedInfoId="-1" />
		<row infoId="98" themeId="1" id="98" value="#ffffff" linkedInfoId="-1" />
		<row infoId="99" themeId="1" id="99" value="#686868" linkedInfoId="-1" />
		<row infoId="100" themeId="1" id="100" value="#FFFFFF" linkedInfoId="-1" />
		<row infoId="101" themeId="1" id="101" value="#ff0e17" linkedInfoId="-1" />
		<row infoId="102" themeId="1" id="102" value="#777777" linkedInfoId="-1" />
		<row infoId="103" themeId="1" id="103" value="#ffffff" linkedInfoId="-1" />
		<row infoId="104" themeId="1" id="104" value="#4169E1" linkedInfoId="-1" />
		<row infoId="105" themeId="1" id="105" value="#ffffff" linkedInfoId="-1" />
		<row infoId="106" themeId="1" id="106" value="#009700" linkedInfoId="-1" />
		<row infoId="107" themeId="1" id="107" value="#ffffff" linkedInfoId="-1" />
		<row infoId="108" themeId="1" id="108" value="#F0B0B0" linkedInfoId="-1" />
		<row infoId="109" themeId="1" id="109" value="#cccccc" linkedInfoId="-1" />
		<row infoId="110" themeId="1" id="110" value="#FFFFCC" linkedInfoId="-1" />
		<row infoId="111" themeId="1" id="111" value="#55AAFF" linkedInfoId="-1" />
		<row infoId="112" themeId="1" id="112" value="#cccccc" linkedInfoId="-1" />
		<row infoId="113" themeId="1" id="113" value="#00aa00" linkedInfoId="-1" />
		<row infoId="114" themeId="1" id="114" value="#90F090" linkedInfoId="-1" />
		<row infoId="115" themeId="1" id="115" value="0.15" linkedInfoId="-1" />
		<row infoId="116" themeId="1" id="116" value="#00b2ff" linkedInfoId="-1" />
		<row infoId="117" themeId="1" id="117" value="#DDECFE" linkedInfoId="-1" />
		<row infoId="118" themeId="1" id="118" value="#808184" linkedInfoId="-1" />
		<row infoId="119" themeId="1" id="119" value="#00b2ff" linkedInfoId="-1" />
		<row infoId="120" themeId="1" id="120" value="#000000" linkedInfoId="-1" />
		<row infoId="121" themeId="1" id="121" value="#C2F0FF" linkedInfoId="-1" />
		<row infoId="122" themeId="1" id="122" value="#884488" linkedInfoId="-1" />
		<row infoId="123" themeId="1" id="123" value="#000000" linkedInfoId="-1" />
		<row infoId="124" themeId="1" id="124" value="30px" linkedInfoId="-1" />
		<row infoId="125" themeId="1" id="125" value="5px" linkedInfoId="-1" />
		<row infoId="126" themeId="1" id="126" value="#ffffff" linkedInfoId="-1" />
		<row infoId="127" themeId="1" id="127" value="#ec1c24" linkedInfoId="-1" />
		<row infoId="128" themeId="1" id="128" value="#dee0ec" linkedInfoId="-1" />
		<row infoId="129" themeId="1" id="129" value="#ffffff" linkedInfoId="-1" />
		<row infoId="130" themeId="1" id="130" value="#000000" linkedInfoId="-1" />
		<row infoId="131" themeId="1" id="131" value="#cccccc" linkedInfoId="-1" />
		<row infoId="132" themeId="1" id="132" value="#72c2ec" linkedInfoId="-1" />
		<row infoId="133" themeId="1" id="133" value="#551b8b" linkedInfoId="-1" />
		<row infoId="134" themeId="1" id="134" value="#640bac" linkedInfoId="-1" />
		<row infoId="135" themeId="1" id="135" value="#ffffff" linkedInfoId="-1" />
		<row infoId="136" themeId="1" id="136" value="#ffffff" linkedInfoId="-1" />
		<row infoId="137" themeId="1" id="137" value="#606060" linkedInfoId="-1" />
		<row infoId="138" themeId="1" id="138" value="#aaaaaa" linkedInfoId="-1" />
		<row infoId="139" themeId="1" id="139" value="#2F353B" linkedInfoId="-1" />
		<row infoId="140" themeId="1" id="140" value="4px" linkedInfoId="-1" />
		<row infoId="141" themeId="1" id="141" value="#ffffff" linkedInfoId="-1" />
		<row infoId="142" themeId="1" id="142" value="#696969" linkedInfoId="-1" />
		<row infoId="143" themeId="1" id="143" value="7px" linkedInfoId="-1" />
		<row infoId="144" themeId="1" id="144" value="#640bac" linkedInfoId="-1" />
		<row infoId="145" themeId="1" id="145" value="#1800AD" linkedInfoId="-1" />
		<row infoId="146" themeId="1" id="146" value="#0201ee" linkedInfoId="-1" />
		<row infoId="147" themeId="1" id="147" value="#00b2ff" linkedInfoId="-1" />
		<row infoId="148" themeId="1" id="148" value="#1974D2" linkedInfoId="-1" />
		<row infoId="149" themeId="1" id="149" value="#1974D2" linkedInfoId="-1" />
		<row infoId="150" themeId="1" id="150" value="#cccccc" linkedInfoId="-1" />
		<row infoId="151" themeId="1" id="151" value="#EE8888" linkedInfoId="-1" />
		<row infoId="152" themeId="1" id="152" value="#009700" linkedInfoId="-1" />
		<row infoId="153" themeId="1" id="153" value="#225EF0" linkedInfoId="-1" />
		<row infoId="154" themeId="1" id="154" value="#d8e8fe" linkedInfoId="-1" />
		<row infoId="155" themeId="1" id="155" value="#ffffff" linkedInfoId="-1" />
		<row infoId="156" themeId="1" id="156" value="#ff0000" linkedInfoId="-1" />
		<row infoId="157" themeId="1" id="157" value="#696969" linkedInfoId="-1" />
		<row infoId="158" themeId="1" id="158" value="#000000" linkedInfoId="-1" />
		<row infoId="159" themeId="1" id="159" value="#e1e9fc" linkedInfoId="-1" />
		<row infoId="160" themeId="1" id="160" value="2px" linkedInfoId="-1" />
		<row infoId="161" themeId="1" id="161" value="#71c3ec" linkedInfoId="-1" />
		<row infoId="162" themeId="1" id="162" value="#551b8b" linkedInfoId="-1" />
		<row infoId="163" themeId="1" id="163" value="#2439FF" linkedInfoId="-1" />
		<row infoId="164" themeId="1" id="164" value="#555555" linkedInfoId="-1" />
		<row infoId="165" themeId="1" id="165" value="#FFFFFF" linkedInfoId="-1" />
		<row infoId="166" themeId="1" id="166" value="#1976d2" linkedInfoId="-1" />
		<row infoId="167" themeId="1" id="167" value="#3FB3FF" linkedInfoId="-1" />
		<row infoId="168" themeId="1" id="168" value="#606060" linkedInfoId="-1" />
		<row infoId="169" themeId="1" id="169" value="#FFFFFF" linkedInfoId="-1" />
		<row infoId="170" themeId="1" id="170" value="#FFFFFF" linkedInfoId="-1" />
		<row infoId="171" themeId="1" id="171" value="#000000" linkedInfoId="-1" />
		<row infoId="172" themeId="1" id="172" value="#000088" linkedInfoId="-1" />
		<row infoId="173" themeId="1" id="173" value="#c9c8c8" linkedInfoId="-1" />
		<row infoId="174" themeId="1" id="174" value="#ffffff" linkedInfoId="-1" />
		<row infoId="175" themeId="1" id="175" value="#606060" linkedInfoId="-1" />
		<row infoId="176" themeId="1" id="176" value="#ffffff" linkedInfoId="-1" />
		<row infoId="177" themeId="1" id="177" value="#ffffff" linkedInfoId="-1" />
		<row infoId="178" themeId="1" id="178" value="#A2A2D0" linkedInfoId="-1" />
		<row infoId="179" themeId="1" id="179" value="#d4deea" linkedInfoId="-1" />
		<row infoId="180" themeId="1" id="180" value="#c5ddc7" linkedInfoId="-1" />
		<row infoId="181" themeId="1" id="181" value="#1800AA" linkedInfoId="-1" />
		<row infoId="182" themeId="1" id="182" value="#c9c8c8" linkedInfoId="-1" />
		<row infoId="183" themeId="1" id="183" value="#009700" linkedInfoId="-1" />
		<row infoId="184" themeId="1" id="184" value="#bd0000" linkedInfoId="-1" />
		<row infoId="185" themeId="1" id="185" value="85px" linkedInfoId="-1" />
		<row infoId="186" themeId="1" id="186" value="bold" linkedInfoId="-1" />
		<row infoId="187" themeId="1" id="187" value="#ff0e17" linkedInfoId="-1" />
		<row infoId="188" themeId="1" id="188" value="#FAEEDD" linkedInfoId="-1" />
		<row infoId="189" themeId="1" id="189" value="none" linkedInfoId="-1" />
		<row infoId="190" themeId="1" id="190" value="11px" linkedInfoId="-1" />
		<row infoId="191" themeId="1" id="191" value="#cccccc" linkedInfoId="-1" />
		<row infoId="192" themeId="1" id="192" value="0px" linkedInfoId="-1" />
		<row infoId="193" themeId="1" id="193" value="#DDECFE" linkedInfoId="-1" />
		<row infoId="194" themeId="1" id="194" value="#884488" linkedInfoId="-1" />
		<row infoId="195" themeId="1" id="195" value="#ffffff" linkedInfoId="-1" />
		<row infoId="196" themeId="1" id="196" value="#ffffff" linkedInfoId="-1" />
		<row infoId="197" themeId="1" id="197" value="#1A153F" linkedInfoId="-1" />
		<row infoId="198" themeId="1" id="198" value="#FFDEAD" linkedInfoId="-1" />
		<row infoId="199" themeId="1" id="199" value="#ffffff" linkedInfoId="-1" />
		<row infoId="200" themeId="1" id="200" value="#1a74d2" linkedInfoId="-1" />
		<row infoId="201" themeId="1" id="201" value="#EEEE99" linkedInfoId="-1" />
		<row infoId="202" themeId="1" id="202" value="#333333" linkedInfoId="-1" />
		<row infoId="203" themeId="1" id="203" value="#ec1c24" linkedInfoId="-1" />
		<row infoId="204" themeId="1" id="204" value="#dfdfdf" linkedInfoId="-1" />
		<row infoId="205" themeId="1" id="205" value="#bd0000" linkedInfoId="-1" />
		<row infoId="206" themeId="1" id="206" value="#c9c8c8" linkedInfoId="-1" />
		<row infoId="207" themeId="1" id="207" value="all 0.7s ease" linkedInfoId="-1" />
		<row infoId="208" themeId="1" id="208" value="#cccccc" linkedInfoId="-1" />
		<row infoId="209" themeId="1" id="209" value="#ffffff" linkedInfoId="-1" />
		<row infoId="210" themeId="1" id="210" value="#FFCCCC" linkedInfoId="-1" />
		<row infoId="211" themeId="1" id="211" value="#000000" linkedInfoId="-1" />
		<row infoId="212" themeId="1" id="212" value="#d8e8fe" linkedInfoId="-1" />
		<row infoId="213" themeId="1" id="213" value="#00aa00" linkedInfoId="-1" />
		<row infoId="214" themeId="1" id="214" value="#000000" linkedInfoId="-1" />
		<row infoId="215" themeId="1" id="215" value="#ffffff" linkedInfoId="-1" />
		<row infoId="216" themeId="1" id="216" value="#00b2ff" linkedInfoId="-1" />
		<row infoId="217" themeId="1" id="217" value="#ffffff" linkedInfoId="-1" />
		<row infoId="218" themeId="1" id="218" value="12px" linkedInfoId="-1" />
		<row infoId="219" themeId="1" id="219" value="#FFFFFF" linkedInfoId="-1" />
		<row infoId="220" themeId="1" id="220" value="#ffffff" linkedInfoId="-1" />
		<row infoId="221" themeId="1" id="221" value="#AAA" linkedInfoId="-1" />
		<row infoId="222" themeId="1" id="222" value="#bd0000" linkedInfoId="-1" />
		<row infoId="223" themeId="1" id="223" value="#ffffff" linkedInfoId="-1" />
		<row infoId="224" themeId="1" id="224" value="#d8e8fe" linkedInfoId="-1" />
		<row infoId="225" themeId="1" id="225" value="#B0F0B0" linkedInfoId="-1" />
		<row infoId="226" themeId="1" id="226" value="#bd0000" linkedInfoId="-1" />
		<row infoId="227" themeId="1" id="227" value="#4169E1" linkedInfoId="-1" />
		<row infoId="228" themeId="1" id="228" value="#474A51" linkedInfoId="-1" />
		<row infoId="229" themeId="1" id="229" value="#cccccc" linkedInfoId="-1" />
		<row infoId="230" themeId="1" id="230" value="#4169E1" linkedInfoId="-1" />
		<row infoId="231" themeId="1" id="231" value="#cccccc" linkedInfoId="-1" />
		<row infoId="232" themeId="1" id="232" value="#ffffff" linkedInfoId="-1" />
		<row infoId="233" themeId="1" id="233" value="underline" linkedInfoId="-1" />
		<row infoId="234" themeId="1" id="234" value="#cccccc" linkedInfoId="-1" />
		<row infoId="1" themeId="2" id="235" value="#7AC1FF" linkedInfoId="-1" />
		<row infoId="2" themeId="2" id="236" value="#505050" linkedInfoId="-1" />
		<row infoId="3" themeId="2" id="237" value="unset" linkedInfoId="-1" />
		<row infoId="4" themeId="2" id="238" value="#1C97EA" linkedInfoId="-1" />
		<row infoId="5" themeId="2" id="239" value="#007ACC" linkedInfoId="-1" />
		<row infoId="6" themeId="2" id="240" value="#CD7F32" linkedInfoId="-1" />
		<row infoId="7" themeId="2" id="241" value="#333337" linkedInfoId="-1" />
		<row infoId="8" themeId="2" id="242" value="#505050" linkedInfoId="-1" />
		<row infoId="9" themeId="2" id="243" value="2px" linkedInfoId="-1" />
		<row infoId="10" themeId="2" id="244" value="6px" linkedInfoId="-1" />
		<row infoId="11" themeId="2" id="245" value="0px" linkedInfoId="-1" />
		<row infoId="12" themeId="2" id="246" value="#11B054" linkedInfoId="-1" />
		<row infoId="13" themeId="2" id="247" value="#FFFFFF" linkedInfoId="-1" />
		<row infoId="14" themeId="2" id="248" value="#252526" linkedInfoId="-1" />
		<row infoId="15" themeId="2" id="249" value="0.4" linkedInfoId="-1" />
		<row infoId="16" themeId="2" id="250" value="34px" linkedInfoId="-1" />
		<row infoId="17" themeId="2" id="251" value="#FF6666" linkedInfoId="-1" />
		<row infoId="18" themeId="2" id="252" value="#999999" linkedInfoId="-1" />
		<row infoId="19" themeId="2" id="253" value="#1195F9" linkedInfoId="-1" />
		<row infoId="20" themeId="2" id="254" value="#9F3334" linkedInfoId="-1" />
		<row infoId="21" themeId="2" id="255" value="#808080" linkedInfoId="-1" />
		<row infoId="22" themeId="2" id="256" value="#B0B0B0" linkedInfoId="-1" />
		<row infoId="23" themeId="2" id="257" value="#28272f" linkedInfoId="-1" />
		<row infoId="24" themeId="2" id="258" value="#505050" linkedInfoId="-1" />
		<row infoId="25" themeId="2" id="259" value="#FFFFFF" linkedInfoId="-1" />
		<row infoId="26" themeId="2" id="260" value="#FFFFFF" linkedInfoId="-1" />
		<row infoId="27" themeId="2" id="261" value="0.8" linkedInfoId="-1" />
		<row infoId="28" themeId="2" id="262" value="#007ACC" linkedInfoId="-1" />
		<row infoId="29" themeId="2" id="263" value="#434346" linkedInfoId="-1" />
		<row infoId="30" themeId="2" id="264" value="#FFFFFF" linkedInfoId="-1" />
		<row infoId="31" themeId="2" id="265" value="#FFFFFF" linkedInfoId="-1" />
		<row infoId="32" themeId="2" id="266" value="3px" linkedInfoId="-1" />
		<row infoId="33" themeId="2" id="267" value="#FFFFFF" linkedInfoId="-1" />
		<row infoId="34" themeId="2" id="268" value="#FF7575" linkedInfoId="-1" />
		<row infoId="35" themeId="2" id="269" value="#252526" linkedInfoId="-1" />
		<row infoId="36" themeId="2" id="270" value="#265E4D" linkedInfoId="-1" />
		<row infoId="37" themeId="2" id="271" value="#333337" linkedInfoId="-1" />
		<row infoId="38" themeId="2" id="272" value="#FFFFFF" linkedInfoId="-1" />
		<row infoId="39" themeId="2" id="273" value="#11B054" linkedInfoId="-1" />
		<row infoId="40" themeId="2" id="274" value="#2D2D30" linkedInfoId="-1" />
		<row infoId="41" themeId="2" id="275" value="#4E4E50" linkedInfoId="-1" />
		<row infoId="42" themeId="2" id="276" value="#3F3F46" linkedInfoId="-1" />
		<row infoId="43" themeId="2" id="277" value="#FFFFFF" linkedInfoId="-1" />
		<row infoId="44" themeId="2" id="278" value="8px" linkedInfoId="-1" />
		<row infoId="45" themeId="2" id="279" value="#333337" linkedInfoId="-1" />
		<row infoId="46" themeId="2" id="280" value="normal" linkedInfoId="-1" />
		<row infoId="47" themeId="2" id="281" value="#5b530d" linkedInfoId="-1" />
		<row infoId="48" themeId="2" id="282" value="#FFFFFF" linkedInfoId="-1" />
		<row infoId="49" themeId="2" id="283" value="#2D2D30" linkedInfoId="-1" />
		<row infoId="50" themeId="2" id="284" value="#265E4D" linkedInfoId="-1" />
		<row infoId="51" themeId="2" id="285" value="#4E4E50" linkedInfoId="-1" />
		<row infoId="52" themeId="2" id="286" value="#6A3C03" linkedInfoId="-1" />
		<row infoId="53" themeId="2" id="287" value="#007ACC" linkedInfoId="-1" />
		<row infoId="54" themeId="2" id="288" value="#252526" linkedInfoId="-1" />
		<row infoId="55" themeId="2" id="289" value="26px" linkedInfoId="-1" />
		<row infoId="56" themeId="2" id="290" value="#FFFFFF" linkedInfoId="-1" />
		<row infoId="57" themeId="2" id="291" value="#76923C" linkedInfoId="-1" />
		<row infoId="58" themeId="2" id="292" value="#CD7F32" linkedInfoId="-1" />
		<row infoId="59" themeId="2" id="293" value="#FF7575" linkedInfoId="-1" />
		<row infoId="60" themeId="2" id="294" value="#333337" linkedInfoId="-1" />
		<row infoId="61" themeId="2" id="295" value="#F9DCDE" linkedInfoId="-1" />
		<row infoId="62" themeId="2" id="296" value="#FFFFFF" linkedInfoId="-1" />
		<row infoId="63" themeId="2" id="297" value="#434346" linkedInfoId="-1" />
		<row infoId="64" themeId="2" id="298" value="#333337" linkedInfoId="-1" />
		<row infoId="65" themeId="2" id="299" value="13px" linkedInfoId="-1" />
		<row infoId="66" themeId="2" id="300" value="#007ACC" linkedInfoId="-1" />
		<row infoId="67" themeId="2" id="301" value="#999999" linkedInfoId="-1" />
		<row infoId="68" themeId="2" id="302" value="#FFFFFF" linkedInfoId="-1" />
		<row infoId="69" themeId="2" id="303" value="#333337" linkedInfoId="-1" />
		<row infoId="70" themeId="2" id="304" value="none" linkedInfoId="-1" />
		<row infoId="71" themeId="2" id="305" value="22px" linkedInfoId="-1" />
		<row infoId="72" themeId="2" id="306" value="#007ACC" linkedInfoId="-1" />
		<row infoId="73" themeId="2" id="307" value="#646117" linkedInfoId="-1" />
		<row infoId="74" themeId="2" id="308" value="#1195F9" linkedInfoId="-1" />
		<row infoId="75" themeId="2" id="309" value="all 0.7s ease" linkedInfoId="-1" />
		<row infoId="76" themeId="2" id="310" value="13px" linkedInfoId="-1" />
		<row infoId="77" themeId="2" id="311" value="unset" linkedInfoId="-1" />
		<row infoId="78" themeId="2" id="312" value="#434346" linkedInfoId="-1" />
		<row infoId="79" themeId="2" id="313" value="#252526" linkedInfoId="-1" />
		<row infoId="80" themeId="2" id="314" value="#1195F9" linkedInfoId="-1" />
		<row infoId="81" themeId="2" id="315" value="#11B054" linkedInfoId="-1" />
		<row infoId="82" themeId="2" id="316" value="#2D2D30" linkedInfoId="-1" />
		<row infoId="83" themeId="2" id="317" value="#EFFFEF" linkedInfoId="-1" />
		<row infoId="84" themeId="2" id="318" value="#4E4E50" linkedInfoId="-1" />
		<row infoId="85" themeId="2" id="319" value="#007ACC" linkedInfoId="-1" />
		<row infoId="86" themeId="2" id="320" value="#265E4D" linkedInfoId="-1" />
		<row infoId="87" themeId="2" id="321" value="#FF7575" linkedInfoId="-1" />
		<row infoId="88" themeId="2" id="322" value="#F9DCDE" linkedInfoId="-1" />
		<row infoId="89" themeId="2" id="323" value="#FFFFFF" linkedInfoId="-1" />
		<row infoId="90" themeId="2" id="324" value="#333337" linkedInfoId="-1" />
		<row infoId="91" themeId="2" id="325" value="#2D2D30" linkedInfoId="-1" />
		<row infoId="92" themeId="2" id="326" value="#3F3F46" linkedInfoId="-1" />
		<row infoId="93" themeId="2" id="327" value="#252526" linkedInfoId="-1" />
		<row infoId="94" themeId="2" id="328" value="13px" linkedInfoId="-1" />
		<row infoId="95" themeId="2" id="329" value="#A75900" linkedInfoId="-1" />
		<row infoId="96" themeId="2" id="330" value="#CD7F32" linkedInfoId="-1" />
		<row infoId="97" themeId="2" id="331" value="underline" linkedInfoId="-1" />
		<row infoId="98" themeId="2" id="332" value="#FFFFFF" linkedInfoId="-1" />
		<row infoId="99" themeId="2" id="333" value="#3F3F46" linkedInfoId="-1" />
		<row infoId="100" themeId="2" id="334" value="#FFFFFF" linkedInfoId="-1" />
		<row infoId="101" themeId="2" id="335" value="#1195F9" linkedInfoId="-1" />
		<row infoId="102" themeId="2" id="336" value="#4F9C3E" linkedInfoId="-1" />
		<row infoId="103" themeId="2" id="337" value="#333337" linkedInfoId="-1" />
		<row infoId="104" themeId="2" id="338" value="#55AAFF" linkedInfoId="-1" />
		<row infoId="105" themeId="2" id="339" value="#3F3F46" linkedInfoId="-1" />
		<row infoId="106" themeId="2" id="340" value="#11B054" linkedInfoId="-1" />
		<row infoId="107" themeId="2" id="341" value="#1E1E1E" linkedInfoId="-1" />
		<row infoId="108" themeId="2" id="342" value="#350808" linkedInfoId="-1" />
		<row infoId="109" themeId="2" id="343" value="#999999" linkedInfoId="-1" />
		<row infoId="110" themeId="2" id="344" value="#15352C" linkedInfoId="-1" />
		<row infoId="111" themeId="2" id="345" value="#55AAFF" linkedInfoId="-1" />
		<row infoId="112" themeId="2" id="346" value="#4E4E50" linkedInfoId="-1" />
		<row infoId="113" themeId="2" id="347" value="#11B054" linkedInfoId="-1" />
		<row infoId="114" themeId="2" id="348" value="#76923C" linkedInfoId="-1" />
		<row infoId="115" themeId="2" id="349" value="0.15" linkedInfoId="-1" />
		<row infoId="116" themeId="2" id="350" value="#CD7F32" linkedInfoId="-1" />
		<row infoId="117" themeId="2" id="351" value="#49494B" linkedInfoId="-1" />
		<row infoId="118" themeId="2" id="352" value="#999999" linkedInfoId="-1" />
		<row infoId="119" themeId="2" id="353" value="#333337" linkedInfoId="-1" />
		<row infoId="120" themeId="2" id="354" value="#FFFFFF" linkedInfoId="-1" />
		<row infoId="121" themeId="2" id="355" value="#55AAFF" linkedInfoId="-1" />
		<row infoId="122" themeId="2" id="356" value="#4EC9B0" linkedInfoId="-1" />
		<row infoId="123" themeId="2" id="357" value="#FFFFFF" linkedInfoId="-1" />
		<row infoId="124" themeId="2" id="358" value="30px" linkedInfoId="-1" />
		<row infoId="125" themeId="2" id="359" value="3px" linkedInfoId="-1" />
		<row infoId="126" themeId="2" id="360" value="#FFFFFF" linkedInfoId="-1" />
		<row infoId="127" themeId="2" id="361" value="#434346" linkedInfoId="-1" />
		<row infoId="128" themeId="2" id="362" value="#1B1B1C" linkedInfoId="-1" />
		<row infoId="129" themeId="2" id="363" value="#0768B6" linkedInfoId="-1" />
		<row infoId="130" themeId="2" id="364" value="#FFFFFF" linkedInfoId="-1" />
		<row infoId="131" themeId="2" id="365" value="#3F3F46" linkedInfoId="-1" />
		<row infoId="132" themeId="2" id="366" value="#252526" linkedInfoId="-1" />
		<row infoId="133" themeId="2" id="367" value="#0768B6" linkedInfoId="-1" />
		<row infoId="134" themeId="2" id="368" value="#FFFFFF" linkedInfoId="-1" />
		<row infoId="135" themeId="2" id="369" value="#505050" linkedInfoId="-1" />
		<row infoId="136" themeId="2" id="370" value="#FFFFFF" linkedInfoId="-1" />
		<row infoId="137" themeId="2" id="371" value="#4E4E50" linkedInfoId="-1" />
		<row infoId="138" themeId="2" id="372" value="#4E4E50" linkedInfoId="-1" />
		<row infoId="139" themeId="2" id="373" value="#1195F9" linkedInfoId="-1" />
		<row infoId="140" themeId="2" id="374" value="4px" linkedInfoId="-1" />
		<row infoId="141" themeId="2" id="375" value="#FFFFFF" linkedInfoId="-1" />
		<row infoId="142" themeId="2" id="376" value="#FFFFFF" linkedInfoId="-1" />
		<row infoId="143" themeId="2" id="377" value="7px" linkedInfoId="-1" />
		<row infoId="144" themeId="2" id="378" value="#FFFFFF" linkedInfoId="-1" />
		<row infoId="145" themeId="2" id="379" value="#FFFFFF" linkedInfoId="-1" />
		<row infoId="146" themeId="2" id="380" value="#1195F9" linkedInfoId="-1" />
		<row infoId="147" themeId="2" id="381" value="#CD7F32" linkedInfoId="-1" />
		<row infoId="148" themeId="2" id="382" value="#007ACC" linkedInfoId="-1" />
		<row infoId="149" themeId="2" id="383" value="#007ACC" linkedInfoId="-1" />
		<row infoId="150" themeId="2" id="384" value="#4E4E50" linkedInfoId="-1" />
		<row infoId="151" themeId="2" id="385" value="#3C0000" linkedInfoId="-1" />
		<row infoId="152" themeId="2" id="386" value="#11B054" linkedInfoId="-1" />
		<row infoId="153" themeId="2" id="387" value="#264F78" linkedInfoId="-1" />
		<row infoId="154" themeId="2" id="388" value="#2D2D30" linkedInfoId="-1" />
		<row infoId="155" themeId="2" id="389" value="#505050" linkedInfoId="-1" />
		<row infoId="156" themeId="2" id="390" value="#FF0000" linkedInfoId="-1" />
		<row infoId="157" themeId="2" id="391" value="#4E4E50" linkedInfoId="-1" />
		<row infoId="158" themeId="2" id="392" value="#FFFFFF" linkedInfoId="-1" />
		<row infoId="159" themeId="2" id="393" value="#E1E9FC" linkedInfoId="-1" />
		<row infoId="160" themeId="2" id="394" value="2px" linkedInfoId="-1" />
		<row infoId="161" themeId="2" id="395" value="#55AAFF" linkedInfoId="-1" />
		<row infoId="162" themeId="2" id="396" value="#0768B6" linkedInfoId="-1" />
		<row infoId="163" themeId="2" id="397" value="#55AAFF" linkedInfoId="-1" />
		<row infoId="164" themeId="2" id="398" value="#555555" linkedInfoId="-1" />
		<row infoId="165" themeId="2" id="399" value="#252526" linkedInfoId="-1" />
		<row infoId="166" themeId="2" id="400" value="#1C97EA" linkedInfoId="-1" />
		<row infoId="167" themeId="2" id="401" value="#3FB3FF" linkedInfoId="-1" />
		<row infoId="168" themeId="2" id="402" value="#007ACC" linkedInfoId="-1" />
		<row infoId="169" themeId="2" id="403" value="#FFFFFF" linkedInfoId="-1" />
		<row infoId="170" themeId="2" id="404" value="#55AAFF" linkedInfoId="-1" />
		<row infoId="171" themeId="2" id="405" value="#FFFFFF" linkedInfoId="-1" />
		<row infoId="172" themeId="2" id="406" value="#FFFFFF" linkedInfoId="-1" />
		<row infoId="173" themeId="2" id="407" value="#11B054" linkedInfoId="-1" />
		<row infoId="174" themeId="2" id="408" value="#252526" linkedInfoId="-1" />
		<row infoId="175" themeId="2" id="409" value="#2D2D30" linkedInfoId="-1" />
		<row infoId="176" themeId="2" id="410" value="#FFFFFF" linkedInfoId="-1" />
		<row infoId="177" themeId="2" id="411" value="#FFFFFF" linkedInfoId="-1" />
		<row infoId="178" themeId="2" id="412" value="#1195F9" linkedInfoId="-1" />
		<row infoId="179" themeId="2" id="413" value="#E1E9FC" linkedInfoId="-1" />
		<row infoId="180" themeId="2" id="414" value="#EFFFEF" linkedInfoId="-1" />
		<row infoId="181" themeId="2" id="415" value="#FFFFFF" linkedInfoId="-1" />
		<row infoId="182" themeId="2" id="416" value="#999999" linkedInfoId="-1" />
		<row infoId="183" themeId="2" id="417" value="#11B054" linkedInfoId="-1" />
		<row infoId="184" themeId="2" id="418" value="#FF7575" linkedInfoId="-1" />
		<row infoId="185" themeId="2" id="419" value="85px" linkedInfoId="-1" />
		<row infoId="186" themeId="2" id="420" value="normal" linkedInfoId="-1" />
		<row infoId="187" themeId="2" id="421" value="#1195F9" linkedInfoId="-1" />
		<row infoId="188" themeId="2" id="422" value="#252526" linkedInfoId="-1" />
		<row infoId="189" themeId="2" id="423" value="none" linkedInfoId="-1" />
		<row infoId="190" themeId="2" id="424" value="11px" linkedInfoId="-1" />
		<row infoId="191" themeId="2" id="425" value="#2D2D30" linkedInfoId="-1" />
		<row infoId="192" themeId="2" id="426" value="2px 0px 2px 0px" linkedInfoId="-1" />
		<row infoId="193" themeId="2" id="427" value="#1E1E1E" linkedInfoId="-1" />
		<row infoId="194" themeId="2" id="428" value="#569CD6" linkedInfoId="-1" />
		<row infoId="195" themeId="2" id="429" value="#007ACC" linkedInfoId="-1" />
		<row infoId="196" themeId="2" id="430" value="#FFFFFF" linkedInfoId="-1" />
		<row infoId="197" themeId="2" id="431" value="#FFFFFF" linkedInfoId="-1" />
		<row infoId="198" themeId="2" id="432" value="#808080" linkedInfoId="-1" />
		<row infoId="199" themeId="2" id="433" value="#FFFFFF" linkedInfoId="-1" />
		<row infoId="200" themeId="2" id="434" value="#55AAFF" linkedInfoId="-1" />
		<row infoId="201" themeId="2" id="435" value="#16322B" linkedInfoId="-1" />
		<row infoId="202" themeId="2" id="436" value="#2B91AF" linkedInfoId="-1" />
		<row infoId="203" themeId="2" id="437" value="#ff3D00" linkedInfoId="-1" />
		<row infoId="204" themeId="2" id="438" value="#4E4E50" linkedInfoId="-1" />
		<row infoId="205" themeId="2" id="439" value="#FF7575" linkedInfoId="-1" />
		<row infoId="206" themeId="2" id="440" value="#FF0000" linkedInfoId="-1" />
		<row infoId="207" themeId="2" id="441" value="all 0.7s ease" linkedInfoId="-1" />
		<row infoId="208" themeId="2" id="442" value="#4E4E50" linkedInfoId="-1" />
		<row infoId="209" themeId="2" id="443" value="#1195F9" linkedInfoId="-1" />
		<row infoId="210" themeId="2" id="444" value="#3C0000" linkedInfoId="-1" />
		<row infoId="211" themeId="2" id="445" value="#FFFFFF" linkedInfoId="-1" />
		<row infoId="212" themeId="2" id="446" value="#4E4E50" linkedInfoId="-1" />
		<row infoId="213" themeId="2" id="447" value="#11B054" linkedInfoId="-1" />
		<row infoId="214" themeId="2" id="448" value="#FFFFFF" linkedInfoId="-1" />
		<row infoId="215" themeId="2" id="449" value="#FFFFFF" linkedInfoId="-1" />
		<row infoId="216" themeId="2" id="450" value="#CD7F32" linkedInfoId="-1" />
		<row infoId="217" themeId="2" id="451" value="#FFFFFF" linkedInfoId="-1" />
		<row infoId="218" themeId="2" id="452" value="12px" linkedInfoId="-1" />
		<row infoId="219" themeId="2" id="453" value="#FFFFFF" linkedInfoId="-1" />
		<row infoId="220" themeId="2" id="454" value="#252526" linkedInfoId="-1" />
		<row infoId="221" themeId="2" id="455" value="#AAA" linkedInfoId="-1" />
		<row infoId="222" themeId="2" id="456" value="#FF7575" linkedInfoId="-1" />
		<row infoId="223" themeId="2" id="457" value="#505050" linkedInfoId="-1" />
		<row infoId="224" themeId="2" id="458" value="#333337" linkedInfoId="-1" />
		<row infoId="225" themeId="2" id="459" value="#424846" linkedInfoId="-1" />
		<row infoId="226" themeId="2" id="460" value="#FF7575" linkedInfoId="-1" />
		<row infoId="227" themeId="2" id="461" value="#55AAFF" linkedInfoId="-1" />
		<row infoId="228" themeId="2" id="462" value="#55AAFF" linkedInfoId="-1" />
		<row infoId="229" themeId="2" id="463" value="#999999" linkedInfoId="-1" />
		<row infoId="230" themeId="2" id="464" value="#55AAFF" linkedInfoId="-1" />
		<row infoId="231" themeId="2" id="465" value="#434346" linkedInfoId="-1" />
		<row infoId="232" themeId="2" id="466" value="#505050" linkedInfoId="-1" />
		<row infoId="233" themeId="2" id="467" value="underline" linkedInfoId="-1" />
		<row infoId="234" themeId="2" id="468" value="#999999" linkedInfoId="-1" />
	</rows>
</table>