<?xml version="1.1"?>
<table name="com.smartbear.ccollab.datamodel.RoleData" nrows="32" ncols="19">
	<columns>
		<column name="template" type="string" />
		<column name="forcedToReadComments" type="char" />
		<column name="allowedToModifyRemoteSystemLinks" type="char" />
		<column name="allowedToModifyParticipants" type="char" />
		<column name="displayName" type="string" />
		<column name="description" type="string" />
		<column name="ownDefectPrivileges" type="char" />
		<column name="completingReviews" type="char" />
		<column name="requiredElectronicSignature" type="char" />
		<column name="systemName" type="string" />
		<column name="redactCommentPrivileges" type="char" />
		<column name="otherDefectPrivileges" type="char" />
		<column name="id" type="int" />
		<column name="maxAllowedInReview" type="int" />
		<column name="allowedToModifyReviewData" type="char" />
		<column name="allowedToConvertComment" type="char" />
		<column name="allowedToModifyChecklist" type="char" />
		<column name="minNumberToFinishReview" type="int" />
		<column name="minRequiredInReview" type="int" />
	</columns>
	<rows>
		<row template="Standard" forcedToReadComments="N" allowedToModifyRemoteSystemLinks="Y" allowedToModifyParticipants="Y" displayName="Moderator" description="Moderator" ownDefectPrivileges="D" completingReviews="N" requiredElectronicSignature="N" systemName="Moderator" redactCommentPrivileges="S" otherDefectPrivileges="D" id="1" maxAllowedInReview="99" allowedToModifyReviewData="Y" allowedToConvertComment="N" allowedToModifyChecklist="Y" minNumberToFinishReview="0" minRequiredInReview="0" />
		<row template="Standard" forcedToReadComments="Y" allowedToModifyRemoteSystemLinks="Y" allowedToModifyParticipants="Y" displayName="Author" description="Developer responsible for the content being reviewed." ownDefectPrivileges="D" completingReviews="N" requiredElectronicSignature="N" systemName="Author" redactCommentPrivileges="S" otherDefectPrivileges="N" id="2" maxAllowedInReview="99" allowedToModifyReviewData="Y" allowedToConvertComment="N" allowedToModifyChecklist="Y" minNumberToFinishReview="0" minRequiredInReview="1" />
		<row template="Standard" forcedToReadComments="N" allowedToModifyRemoteSystemLinks="Y" allowedToModifyParticipants="Y" displayName="Reviewer" description="Someone actively involved in reviewing the materials." ownDefectPrivileges="D" completingReviews="C" requiredElectronicSignature="N" systemName="Reviewer" redactCommentPrivileges="S" otherDefectPrivileges="D" id="3" maxAllowedInReview="99" allowedToModifyReviewData="Y" allowedToConvertComment="N" allowedToModifyChecklist="Y" minNumberToFinishReview="0" minRequiredInReview="1" />
		<row template="Standard" forcedToReadComments="N" allowedToModifyRemoteSystemLinks="Y" allowedToModifyParticipants="Y" displayName="Observer" description="Someone participating but not necessarily passing accept/reject judgments.  Will not hold up the review if all other participants are finished." ownDefectPrivileges="D" completingReviews="F" requiredElectronicSignature="N" systemName="Observer" redactCommentPrivileges="S" otherDefectPrivileges="D" id="4" maxAllowedInReview="99" allowedToModifyReviewData="Y" allowedToConvertComment="N" allowedToModifyChecklist="Y" minNumberToFinishReview="0" minRequiredInReview="0" />
		<row template="Formal Inspection" forcedToReadComments="Y" allowedToModifyRemoteSystemLinks="Y" allowedToModifyParticipants="Y" displayName="Moderator" description="The Moderator controls the flow of the inspection and ensures all are doing their jobs properly." ownDefectPrivileges="D" completingReviews="C" requiredElectronicSignature="N" systemName="Moderator" redactCommentPrivileges="S" otherDefectPrivileges="D" id="5" maxAllowedInReview="1" allowedToModifyReviewData="Y" allowedToConvertComment="N" allowedToModifyChecklist="Y" minNumberToFinishReview="0" minRequiredInReview="1" />
		<row template="Formal Inspection" forcedToReadComments="Y" allowedToModifyRemoteSystemLinks="Y" allowedToModifyParticipants="Y" displayName="Author" description="The Author is the originator of the inspection materials." ownDefectPrivileges="D" completingReviews="N" requiredElectronicSignature="N" systemName="Author" redactCommentPrivileges="S" otherDefectPrivileges="N" id="6" maxAllowedInReview="1" allowedToModifyReviewData="Y" allowedToConvertComment="N" allowedToModifyChecklist="Y" minNumberToFinishReview="0" minRequiredInReview="1" />
		<row template="Formal Inspection" forcedToReadComments="Y" allowedToModifyRemoteSystemLinks="Y" allowedToModifyParticipants="Y" displayName="Reader" description="The Reader paraphrases and interprets the materials and expresses his/her understanding of what has been done." ownDefectPrivileges="D" completingReviews="N" requiredElectronicSignature="N" systemName="Reader" redactCommentPrivileges="S" otherDefectPrivileges="N" id="7" maxAllowedInReview="1" allowedToModifyReviewData="Y" allowedToConvertComment="N" allowedToModifyChecklist="Y" minNumberToFinishReview="0" minRequiredInReview="1" />
		<row template="Formal Inspection" forcedToReadComments="Y" allowedToModifyRemoteSystemLinks="Y" allowedToModifyParticipants="Y" displayName="Tester" description="The Tester considers testability, traceability, requirements, standards, and external interactions." ownDefectPrivileges="D" completingReviews="N" requiredElectronicSignature="N" systemName="Tester" redactCommentPrivileges="S" otherDefectPrivileges="N" id="8" maxAllowedInReview="1" allowedToModifyReviewData="Y" allowedToConvertComment="N" allowedToModifyChecklist="Y" minNumberToFinishReview="0" minRequiredInReview="1" />
		<row template="SEDA Roles (July 2021) Rev A" forcedToReadComments="N" allowedToModifyRemoteSystemLinks="Y" allowedToModifyParticipants="Y" displayName="Moderator" description="Moderator" ownDefectPrivileges="D" completingReviews="C" requiredElectronicSignature="N" systemName="Moderator" redactCommentPrivileges="S" otherDefectPrivileges="D" id="9" maxAllowedInReview="99" allowedToModifyReviewData="Y" allowedToConvertComment="N" allowedToModifyChecklist="Y" minNumberToFinishReview="0" minRequiredInReview="1" />
		<row template="SEDA Roles (July 2021) Rev A" forcedToReadComments="Y" allowedToModifyRemoteSystemLinks="Y" allowedToModifyParticipants="N" displayName="Author" description="Developer responsible for the content being reviewed." ownDefectPrivileges="D" completingReviews="F" requiredElectronicSignature="N" systemName="Author" redactCommentPrivileges="S" otherDefectPrivileges="M" id="10" maxAllowedInReview="99" allowedToModifyReviewData="Y" allowedToConvertComment="N" allowedToModifyChecklist="Y" minNumberToFinishReview="0" minRequiredInReview="1" />
		<row template="SEDA Roles (July 2021) Rev A" forcedToReadComments="N" allowedToModifyRemoteSystemLinks="N" allowedToModifyParticipants="N" displayName="Reviewer" description="Someone actively involved in reviewing the materials." ownDefectPrivileges="D" completingReviews="C" requiredElectronicSignature="N" systemName="Reviewer" redactCommentPrivileges="S" otherDefectPrivileges="M" id="11" maxAllowedInReview="99" allowedToModifyReviewData="N" allowedToConvertComment="N" allowedToModifyChecklist="Y" minNumberToFinishReview="0" minRequiredInReview="2" />
		<row template="SEDA Roles (July 2021) Rev A" forcedToReadComments="N" allowedToModifyRemoteSystemLinks="N" allowedToModifyParticipants="N" displayName="Observer" description="Someone participating but not necessarily passing accept/reject judgments.  Will not hold up the review if all other participants are finished." ownDefectPrivileges="D" completingReviews="N" requiredElectronicSignature="N" systemName="Observer" redactCommentPrivileges="S" otherDefectPrivileges="N" id="12" maxAllowedInReview="99" allowedToModifyReviewData="N" allowedToConvertComment="N" allowedToModifyChecklist="Y" minNumberToFinishReview="0" minRequiredInReview="0" />
		<row template="New Test Template_5" forcedToReadComments="N" allowedToModifyRemoteSystemLinks="Y" allowedToModifyParticipants="Y" displayName="Moderator" description="Validates the peer review reflects the CR regarding reviewers and checklists&#13;&#10;Closes the review" ownDefectPrivileges="D" completingReviews="N" requiredElectronicSignature="N" systemName="Moderator" redactCommentPrivileges="S" otherDefectPrivileges="D" id="13" maxAllowedInReview="99" allowedToModifyReviewData="Y" allowedToConvertComment="N" allowedToModifyChecklist="Y" minNumberToFinishReview="0" minRequiredInReview="1" />
		<row template="New Test Template_5" forcedToReadComments="Y" allowedToModifyRemoteSystemLinks="Y" allowedToModifyParticipants="Y" displayName="Author" description="Responsible for the changes in the review; owns the artifact" ownDefectPrivileges="D" completingReviews="N" requiredElectronicSignature="N" systemName="Author" redactCommentPrivileges="S" otherDefectPrivileges="F" id="14" maxAllowedInReview="99" allowedToModifyReviewData="Y" allowedToConvertComment="N" allowedToModifyChecklist="Y" minNumberToFinishReview="0" minRequiredInReview="1" />
		<row template="New Test Template_5" forcedToReadComments="Y" allowedToModifyRemoteSystemLinks="Y" allowedToModifyParticipants="Y" displayName="Lead Reviewer" description="Main reviewer; responsible for reviewing the artifacts, completing the checklists, and closing the review" ownDefectPrivileges="D" completingReviews="C" requiredElectronicSignature="N" systemName="Reviewer" redactCommentPrivileges="S" otherDefectPrivileges="D" id="15" maxAllowedInReview="99" allowedToModifyReviewData="Y" allowedToConvertComment="N" allowedToModifyChecklist="Y" minNumberToFinishReview="0" minRequiredInReview="1" />
		<row template="New Test Template_5" forcedToReadComments="N" allowedToModifyRemoteSystemLinks="Y" allowedToModifyParticipants="Y" displayName="Reviewer" description="Responsible for inspecting the artifacts" ownDefectPrivileges="D" completingReviews="N" requiredElectronicSignature="N" systemName="Observer" redactCommentPrivileges="S" otherDefectPrivileges="M" id="16" maxAllowedInReview="99" allowedToModifyReviewData="Y" allowedToConvertComment="N" allowedToModifyChecklist="Y" minNumberToFinishReview="0" minRequiredInReview="1" />
		<row template="Test Template 2023" forcedToReadComments="N" allowedToModifyRemoteSystemLinks="Y" allowedToModifyParticipants="Y" displayName="Moderator" description="Creates and validates that the peer review reflects the CR regarding reviewers and checklists" ownDefectPrivileges="D" completingReviews="N" requiredElectronicSignature="N" systemName="Moderator" redactCommentPrivileges="S" otherDefectPrivileges="D" id="17" maxAllowedInReview="99" allowedToModifyReviewData="Y" allowedToConvertComment="N" allowedToModifyChecklist="Y" minNumberToFinishReview="0" minRequiredInReview="1" />
		<row template="Test Template 2023" forcedToReadComments="N" allowedToModifyRemoteSystemLinks="Y" allowedToModifyParticipants="N" displayName="Author" description="Responsible for the changes in the review; owns the artifact" ownDefectPrivileges="D" completingReviews="N" requiredElectronicSignature="Y" systemName="Author" redactCommentPrivileges="S" otherDefectPrivileges="F" id="18" maxAllowedInReview="99" allowedToModifyReviewData="Y" allowedToConvertComment="N" allowedToModifyChecklist="N" minNumberToFinishReview="0" minRequiredInReview="1" />
		<row template="Test Template 2023" forcedToReadComments="Y" allowedToModifyRemoteSystemLinks="Y" allowedToModifyParticipants="N" displayName="Lead Reviewer" description="Main reviewer; responsible for reviewing the artifacts, completing the checklists, and closing the review" ownDefectPrivileges="D" completingReviews="C" requiredElectronicSignature="Y" systemName="Reviewer" redactCommentPrivileges="S" otherDefectPrivileges="D" id="19" maxAllowedInReview="99" allowedToModifyReviewData="Y" allowedToConvertComment="N" allowedToModifyChecklist="N" minNumberToFinishReview="0" minRequiredInReview="1" />
		<row template="Test Template 2023" forcedToReadComments="N" allowedToModifyRemoteSystemLinks="N" allowedToModifyParticipants="N" displayName="Reviewer" description="Inspects the artifact and provides findings" ownDefectPrivileges="D" completingReviews="N" requiredElectronicSignature="N" systemName="Observer" redactCommentPrivileges="S" otherDefectPrivileges="N" id="20" maxAllowedInReview="99" allowedToModifyReviewData="N" allowedToConvertComment="N" allowedToModifyChecklist="N" minNumberToFinishReview="0" minRequiredInReview="0" />
		<row template="Test Template 2023_V2" forcedToReadComments="N" allowedToModifyRemoteSystemLinks="Y" allowedToModifyParticipants="Y" displayName="Moderator" description="Creates and validates that the peer review reflects the CR regarding reviewers and checklists" ownDefectPrivileges="D" completingReviews="N" requiredElectronicSignature="N" systemName="Moderator" redactCommentPrivileges="S" otherDefectPrivileges="D" id="21" maxAllowedInReview="999" allowedToModifyReviewData="Y" allowedToConvertComment="N" allowedToModifyChecklist="Y" minNumberToFinishReview="0" minRequiredInReview="1" />
		<row template="Test Template 2023_V2" forcedToReadComments="N" allowedToModifyRemoteSystemLinks="Y" allowedToModifyParticipants="N" displayName="Author" description="Responsible for the changes in the review; owns the artifact" ownDefectPrivileges="D" completingReviews="N" requiredElectronicSignature="N" systemName="Author" redactCommentPrivileges="S" otherDefectPrivileges="F" id="22" maxAllowedInReview="999" allowedToModifyReviewData="Y" allowedToConvertComment="N" allowedToModifyChecklist="N" minNumberToFinishReview="0" minRequiredInReview="1" />
		<row template="Test Template 2023_V2" forcedToReadComments="Y" allowedToModifyRemoteSystemLinks="Y" allowedToModifyParticipants="N" displayName="Lead Reviewer" description="Main reviewer; responsible for reviewing the artifacts, completing the checklists, and closing the review" ownDefectPrivileges="D" completingReviews="C" requiredElectronicSignature="N" systemName="Reviewer" redactCommentPrivileges="S" otherDefectPrivileges="D" id="23" maxAllowedInReview="999" allowedToModifyReviewData="Y" allowedToConvertComment="N" allowedToModifyChecklist="N" minNumberToFinishReview="1" minRequiredInReview="1" />
		<row template="Test Template 2023_V2" forcedToReadComments="N" allowedToModifyRemoteSystemLinks="N" allowedToModifyParticipants="N" displayName="Reviewer" description="Inspects the artifact and provides findings" ownDefectPrivileges="D" completingReviews="N" requiredElectronicSignature="N" systemName="Observer" redactCommentPrivileges="S" otherDefectPrivileges="N" id="24" maxAllowedInReview="999" allowedToModifyReviewData="N" allowedToConvertComment="N" allowedToModifyChecklist="N" minNumberToFinishReview="0" minRequiredInReview="0" />
		<row template="Test Template 2023_V3_052023" forcedToReadComments="N" allowedToModifyRemoteSystemLinks="Y" allowedToModifyParticipants="Y" displayName="Moderator" description="Creates and validates that the peer review reflects the CR regarding reviewers and checklists" ownDefectPrivileges="D" completingReviews="N" requiredElectronicSignature="N" systemName="Moderator" redactCommentPrivileges="S" otherDefectPrivileges="D" id="25" maxAllowedInReview="999" allowedToModifyReviewData="Y" allowedToConvertComment="N" allowedToModifyChecklist="Y" minNumberToFinishReview="0" minRequiredInReview="1" />
		<row template="Test Template 2023_V3_052023" forcedToReadComments="Y" allowedToModifyRemoteSystemLinks="Y" allowedToModifyParticipants="N" displayName="Author" description="Responsible for the changes in the review; owns the artifact" ownDefectPrivileges="D" completingReviews="N" requiredElectronicSignature="N" systemName="Author" redactCommentPrivileges="S" otherDefectPrivileges="F" id="26" maxAllowedInReview="999" allowedToModifyReviewData="Y" allowedToConvertComment="N" allowedToModifyChecklist="N" minNumberToFinishReview="0" minRequiredInReview="1" />
		<row template="Test Template 2023_V3_052023" forcedToReadComments="Y" allowedToModifyRemoteSystemLinks="Y" allowedToModifyParticipants="N" displayName="Lead Reviewer" description="Main reviewer; responsible for reviewing the artifacts, completing the checklists, and closing the review" ownDefectPrivileges="D" completingReviews="C" requiredElectronicSignature="N" systemName="Reviewer" redactCommentPrivileges="S" otherDefectPrivileges="D" id="27" maxAllowedInReview="999" allowedToModifyReviewData="Y" allowedToConvertComment="N" allowedToModifyChecklist="Y" minNumberToFinishReview="1" minRequiredInReview="1" />
		<row template="Test Template 2023_V3_052023" forcedToReadComments="N" allowedToModifyRemoteSystemLinks="Y" allowedToModifyParticipants="N" displayName="Reviewer" description="Inspects the artifact and provides findings" ownDefectPrivileges="D" completingReviews="N" requiredElectronicSignature="N" systemName="Observer" redactCommentPrivileges="S" otherDefectPrivileges="N" id="28" maxAllowedInReview="999" allowedToModifyReviewData="Y" allowedToConvertComment="N" allowedToModifyChecklist="N" minNumberToFinishReview="0" minRequiredInReview="0" />
		<row template="New SEDA Template_July 2023" forcedToReadComments="N" allowedToModifyRemoteSystemLinks="Y" allowedToModifyParticipants="Y" displayName="Moderator" description="Creates and validates that the peer review reflects the CR regarding reviewers and checklists" ownDefectPrivileges="D" completingReviews="N" requiredElectronicSignature="N" systemName="Moderator" redactCommentPrivileges="S" otherDefectPrivileges="D" id="29" maxAllowedInReview="999" allowedToModifyReviewData="Y" allowedToConvertComment="N" allowedToModifyChecklist="Y" minNumberToFinishReview="0" minRequiredInReview="1" />
		<row template="New SEDA Template_July 2023" forcedToReadComments="Y" allowedToModifyRemoteSystemLinks="Y" allowedToModifyParticipants="N" displayName="Author" description="Responsible for the changes in the review; owns the artifact" ownDefectPrivileges="D" completingReviews="N" requiredElectronicSignature="N" systemName="Author" redactCommentPrivileges="S" otherDefectPrivileges="F" id="30" maxAllowedInReview="999" allowedToModifyReviewData="Y" allowedToConvertComment="N" allowedToModifyChecklist="N" minNumberToFinishReview="0" minRequiredInReview="1" />
		<row template="New SEDA Template_July 2023" forcedToReadComments="Y" allowedToModifyRemoteSystemLinks="Y" allowedToModifyParticipants="N" displayName="Lead Reviewer" description="Main reviewer; responsible for reviewing the artifacts, completing the checklists, and closing the review" ownDefectPrivileges="D" completingReviews="C" requiredElectronicSignature="N" systemName="Reviewer" redactCommentPrivileges="S" otherDefectPrivileges="D" id="31" maxAllowedInReview="999" allowedToModifyReviewData="Y" allowedToConvertComment="N" allowedToModifyChecklist="Y" minNumberToFinishReview="1" minRequiredInReview="1" />
		<row template="New SEDA Template_July 2023" forcedToReadComments="N" allowedToModifyRemoteSystemLinks="Y" allowedToModifyParticipants="N" displayName="Reviewer" description="Inspects the artifact and provides findings" ownDefectPrivileges="D" completingReviews="N" requiredElectronicSignature="N" systemName="Observer" redactCommentPrivileges="S" otherDefectPrivileges="N" id="32" maxAllowedInReview="999" allowedToModifyReviewData="Y" allowedToConvertComment="N" allowedToModifyChecklist="N" minNumberToFinishReview="0" minRequiredInReview="1" />
	</rows>
</table>