<?xml version="1.1"?>
<table name="com.smartbear.ccollab.datamodel.ActivityData" nrows="1" ncols="7">
	<columns>
		<column name="startSecs" type="int" />
		<column name="code" type="char" />
		<column name="durationSecs" type="int" />
		<column name="id" type="int" />
		<column name="reviewId" type="int" />
		<column name="userId" type="int" />
		<column name="startDate" type="date" />
	</columns>
	<rows>
		<row startSecs="1709615294" code="A" durationSecs="300" id="66827" reviewId="1023" userId="4" startDate="2024-03-05T03:04:04UTC" />
	</rows>
</table>