<?xml version="1.1"?>
<table name="com.smartbear.ccollab.datamodel.ReportTemplateData" nrows="3" ncols="6">
	<columns>
		<column name="fileName" type="string" />
		<column name="dateFiltered" type="char" />
		<column name="description" type="string" />
		<column name="id" type="int" />
		<column name="title" type="string" />
		<column name="categoryId" type="int" />
	</columns>
	<rows>
		<row fileName="userlist.rptdesign" dateFiltered="N" description="List of users in the system and when they last accessed the server" id="1" title="User List" categoryId="1" />
		<row fileName="reviewsbychangelist.rptdesign" dateFiltered="Y" description="List of reviews in the system, organized by SCM changelists present in the review" id="2" title="Reviews by Changelist" categoryId="1" />
		<row fileName="changeslist.rptdesign" dateFiltered="Y" description="List of SCM changes in the system" id="3" title="Changes List" categoryId="1" />
	</rows>
</table>