<?xml version="1.1"?>
<table name="com.smartbear.ccollab.datamodel.ScmData" nrows="19" ncols="10">
	<columns>
		<column name="title" type="string" />
		<column name="configA" type="string" />
		<column name="configB" type="string" />
		<column name="configC" type="string" />
		<column name="configD" type="string" />
		<column name="configE" type="string" />
		<column name="provider" type="string" />
		<column name="scmConfigId" type="int" />
		<column name="cmdlinePath" type="string" />
		<column name="id" type="int" />
	</columns>
	<rows>
		<row title="Default" configA="" configB="" configC="" configD="" configE="" provider="none" scmConfigId="0" cmdlinePath="" id="1" />
		<row title="External" configA="" configB="" configC="" configD="" configE="" provider="perforce" scmConfigId="0" cmdlinePath="" id="2" />
		<row title="Subversion: https://svn-seda.sds.safran/repository/testrepo" configA="https://svn-seda.sds.safran/repository/testrepo" configB="ff14a4fb-fe91-e542-8060-7ff59cefdc9f" configC="" configD="" configE="" provider="subversion" scmConfigId="5" cmdlinePath="" id="3" />
		<row title="Subversion: http://srdeneng05.ud4.uf4/svn/eval_g650_hsts_design_master" configA="http://srdeneng05.ud4.uf4/svn/eval_g650_hsts_design_master" configB="2059f74f-758c-6649-b5d2-60c61cfdcd39" configC="" configD="" configE="" provider="subversion" scmConfigId="6" cmdlinePath="" id="4" />
		<row title="Subversion: https://svn-seda.sds.safran/repository/sustaining_actuation" configA="https://svn-seda.sds.safran/repository/sustaining_actuation" configB="91566a6b-bdb0-6744-ab45-f86be0f28793" configC="" configD="" configE="" provider="subversion" scmConfigId="7" cmdlinePath="" id="5" />
		<row title="Subversion: https://svn-seda.sds.safran/repository/_external" configA="https://svn-seda.sds.safran/repository/_external" configB="ed5439fe-821b-7540-9833-2b090401b0d0" configC="" configD="" configE="" provider="subversion" scmConfigId="8" cmdlinePath="" id="6" />
		<row title="Subversion: https://svn-seda.sds.safran/repository/process" configA="https://svn-seda.sds.safran/repository/process" configB="c079e302-19e6-0d46-b0e0-a585f91feb73" configC="" configD="" configE="" provider="subversion" scmConfigId="9" cmdlinePath="" id="7" />
		<row title="Subversion: https://svn-seda.sds.safran/repository/boeing" configA="https://svn-seda.sds.safran/repository/boeing" configB="7cc9a0c3-160c-8242-9b90-7e88e20d255d" configC="" configD="" configE="" provider="subversion" scmConfigId="10" cmdlinePath="" id="8" />
		<row title="Subversion: https://svn-seda.sds.safran/repository/gs_pcs" configA="https://svn-seda.sds.safran/repository/gs_pcs" configB="153e906f-303e-664f-8736-f9835585c2d0" configC="" configD="" configE="" provider="subversion" scmConfigId="11" cmdlinePath="" id="9" />
		<row title="Subversion: https://svn-seda.sds.safran/repository/embraer_e2_hsts" configA="https://svn-seda.sds.safran/repository/embraer_e2_hsts" configB="331df1dd-b253-3144-a1e8-f7d1207ddabc" configC="" configD="" configE="" provider="subversion" scmConfigId="12" cmdlinePath="" id="10" />
		<row title="Subversion: https://svn-seda.sds.safran/repository/rms_engineering" configA="https://svn-seda.sds.safran/repository/rms_engineering" configB="5751fe31-8b37-9548-a43d-7499c3c27153" configC="" configD="" configE="" provider="subversion" scmConfigId="13" cmdlinePath="" id="11" />
		<row title="Subversion: https://svn-seda.sds.safran/repository/sustaining_export_restricted" configA="https://svn-seda.sds.safran/repository/sustaining_export_restricted" configB="15dd7201-9d10-c842-bd82-f20ed021b183" configC="" configD="" configE="" provider="subversion" scmConfigId="14" cmdlinePath="" id="12" />
		<row title="Subversion: https://svn-seda.sds.safran/repository/sustaining_pcs" configA="https://svn-seda.sds.safran/repository/sustaining_pcs" configB="6b15d08e-9fce-3246-ad29-27ff9db808c7" configC="" configD="" configE="" provider="subversion" scmConfigId="15" cmdlinePath="" id="13" />
		<row title="Subversion: https://svn-seda.sds.safran/repository/bids_proposals_export_restricted" configA="https://svn-seda.sds.safran/repository/bids_proposals_export_restricted" configB="ec3df813-73f1-e949-8537-fd4b95bfb104" configC="" configD="" configE="" provider="subversion" scmConfigId="16" cmdlinePath="" id="14" />
		<row title="Subversion: https://svn-seda.sds.safran/repository/nextgen_tcem" configA="https://svn-seda.sds.safran/repository/nextgen_tcem" configB="3f0357a9-cc84-a14c-b009-d3820ebaa80b" configC="" configD="" configE="" provider="subversion" scmConfigId="17" cmdlinePath="" id="15" />
		<row title="Subversion: https://svn-seda.sds.safran/repository/special_products" configA="https://svn-seda.sds.safran/repository/special_products" configB="28722b53-855a-454c-b07f-6159fbbb1343" configC="" configD="" configE="" provider="subversion" scmConfigId="18" cmdlinePath="" id="16" />
		<row title="Subversion: https://svn-seda.sds.safran/repository/test_engineering" configA="https://svn-seda.sds.safran/repository/test_engineering" configB="aae55247-4357-b348-8ac1-0e8453027b72" configC="" configD="" configE="" provider="subversion" scmConfigId="19" cmdlinePath="" id="17" />
		<row title="Subversion: https://svn-seda.sds.safran/repository/psrb_nlr" configA="https://svn-seda.sds.safran/repository/psrb_nlr" configB="454baf0e-7765-dd48-aca4-b0276e5a3ec4" configC="" configD="" configE="" provider="subversion" scmConfigId="20" cmdlinePath="" id="18" />
		<row title="Subversion: https://svn-seda.sds.safran/repository/tso" configA="https://svn-seda.sds.safran/repository/tso" configB="116ae98d-f375-7f48-b652-8ceb96ff6d77" configC="" configD="" configE="" provider="subversion" scmConfigId="21" cmdlinePath="" id="19" />
	</rows>
</table>