<?xml version="1.1"?>
<table name="com.smartbear.ccollab.datamodel.ReviewChecklistItemData" nrows="13" ncols="7">
	<columns>
		<column name="lastUpdated" type="date" />
		<column name="actorId" type="int" />
		<column name="id" type="int" />
		<column name="title" type="string" />
		<column name="reviewId" type="int" />
		<column name="isChecked" type="char" />
		<column name="checklistId" type="int" />
	</columns>
	<rows>
		<row lastUpdated="2024-03-05T04:03:17UTC" actorId="0" id="23206" title="Has the scope, and only the scope, of the change prescribed by CCB complete?" reviewId="1023" isChecked="N" checklistId="2" />
		<row lastUpdated="2024-03-05T04:03:17UTC" actorId="0" id="23207" title="Did all required reviewers participate in the peer review, including special participants as defined by CCB?" reviewId="1023" isChecked="N" checklistId="2" />
		<row lastUpdated="2024-03-05T04:03:17UTC" actorId="0" id="23208" title="Peer Review has been checked and verified that the &quot;non-issue&quot; status has not been used for any findings." reviewId="1023" isChecked="N" checklistId="2" />
		<row lastUpdated="2024-03-05T04:03:17UTC" actorId="0" id="23209" title="Peer Review has been checked and all cancelled findings have a valid reason for being cancelled (example:  duplicate or no change was required)" reviewId="1023" isChecked="N" checklistId="2" />
		<row lastUpdated="2024-03-05T04:03:17UTC" actorId="0" id="23210" title="Peer Review has been checked and verified that any duplicate findings are in fact duplicates." reviewId="1023" isChecked="N" checklistId="2" />
		<row lastUpdated="2024-03-05T04:03:17UTC" actorId="0" id="23211" title="Each artifact&apos;s resulting version on the &apos;Artifacts&apos; tab reflects the final reviewed version." reviewId="1023" isChecked="N" checklistId="2" />
		<row lastUpdated="2024-03-05T04:03:17UTC" actorId="0" id="23212" title="Each artifact reviewed is identical revision to the source content maintained in the drafting tool system (example: Enovia)" reviewId="1023" isChecked="N" checklistId="2" />
		<row lastUpdated="2024-03-05T04:03:17UTC" actorId="0" id="23213" title="All appropriate child change requests have been created to complete tracing and functionality updates at lower requirement levels.  See the Change Request Implementation Plan (CPN 0-001) for details." reviewId="1023" isChecked="N" checklistId="2" />
		<row lastUpdated="2024-03-05T04:03:17UTC" actorId="0" id="23214" title="Were all required invitees invited to participate in the peer review?" reviewId="1023" isChecked="N" checklistId="2" />
		<row lastUpdated="2024-03-05T04:03:17UTC" actorId="0" id="23215" title="Does the review have all required data to ensure implementation correctness stored in engineering configuration control or released through the enterprise CM system?" reviewId="1023" isChecked="N" checklistId="2" />
		<row lastUpdated="2024-03-05T04:03:17UTC" actorId="0" id="23216" title="Does the resulting change meet the intent of the Change Request as approved by CCB?  (Does the change resolve the intended issue and function correctly?)" reviewId="1023" isChecked="N" checklistId="2" />
		<row lastUpdated="2024-03-05T04:03:17UTC" actorId="0" id="23217" title="Have changes made as a result of findings been applied to all affected artifacts (markups, change bars, and final incorporated versions)?" reviewId="1023" isChecked="N" checklistId="2" />
		<row lastUpdated="2024-03-05T04:03:17UTC" actorId="0" id="23218" title="If the artifact(s) will be released through SCL, has Safety or Safety delegate participated in the review?" reviewId="1023" isChecked="N" checklistId="2" />
	</rows>
</table>