<?xml version="1.1"?>
<table name="com.smartbear.ccollab.datamodel.MetaDataSelectItemData" nrows="36" ncols="6">
	<columns>
		<column name="description" type="string" />
		<column name="id" type="int" />
		<column name="title" type="string" />
		<column name="enabled" type="char" />
		<column name="seq" type="int" />
		<column name="fieldId" type="int" />
	</columns>
	<rows>
		<row description="Significant problem, possibly with no work-around" id="1" title="Major" enabled="N" seq="99999" fieldId="168" />
		<row description="Small problem, work-around available" id="2" title="Minor" enabled="N" seq="99999" fieldId="168" />
		<row description="" id="3" title="Algorithm" enabled="N" seq="99999" fieldId="169" />
		<row description="" id="4" title="Build" enabled="N" seq="99999" fieldId="169" />
		<row description="" id="5" title="Data Access" enabled="N" seq="99999" fieldId="169" />
		<row description="" id="6" title="Documentation" enabled="N" seq="99999" fieldId="169" />
		<row description="" id="7" title="Error-Handling" enabled="N" seq="99999" fieldId="169" />
		<row description="" id="8" title="Interface" enabled="N" seq="99999" fieldId="169" />
		<row description="" id="9" title="Maintainability" enabled="N" seq="99999" fieldId="169" />
		<row description="" id="10" title="Performance" enabled="N" seq="99999" fieldId="169" />
		<row description="" id="11" title="Robustness" enabled="N" seq="99999" fieldId="169" />
		<row description="" id="12" title="Style" enabled="N" seq="99999" fieldId="169" />
		<row description="" id="13" title="Testing" enabled="N" seq="99999" fieldId="169" />
		<row description="" id="14" title="Text" enabled="N" seq="99999" fieldId="169" />
		<row description="" id="15" title="Issue" enabled="Y" seq="1" fieldId="169" />
		<row description="" id="16" title="Trivial Issue" enabled="Y" seq="2" fieldId="169" />
		<row description="" id="17" title="Non-Issue" enabled="Y" seq="3" fieldId="169" />
		<row description="" id="18" title="N/A - Trivial Issue or Non-Issue" enabled="N" seq="99999" fieldId="168" />
		<row description="" id="19" title="1 - Critical Safety and Certification Issues" enabled="Y" seq="1" fieldId="168" />
		<row description="" id="20" title="2 - Serious" enabled="Y" seq="2" fieldId="168" />
		<row description="" id="21" title="3 - Minor to Moderate Impact to System Functionality" enabled="Y" seq="3" fieldId="168" />
		<row description="" id="22" title="Yes" enabled="Y" seq="1" fieldId="228" />
		<row description="" id="23" title="No" enabled="Y" seq="2" fieldId="228" />
		<row description="" id="24" title="N/A" enabled="Y" seq="3" fieldId="228" />
		<row description="" id="25" title="High" enabled="Y" seq="1" fieldId="252" />
		<row description="" id="26" title="Medium" enabled="Y" seq="2" fieldId="252" />
		<row description="" id="27" title="Low" enabled="Y" seq="3" fieldId="252" />
		<row description="" id="28" title="Approved" enabled="Y" seq="1" fieldId="253" />
		<row description="" id="29" title="Approved" enabled="Y" seq="1" fieldId="254" />
		<row description="" id="30" title="Yes" enabled="Y" seq="1" fieldId="256" />
		<row description="" id="31" title="No" enabled="Y" seq="2" fieldId="256" />
		<row description="" id="32" title="In Review" enabled="Y" seq="1" fieldId="259" />
		<row description="" id="33" title="Ready for Customer Submittal" enabled="Y" seq="2" fieldId="259" />
		<row description="" id="34" title="Waiting for Customer Feedback" enabled="Y" seq="3" fieldId="259" />
		<row description="" id="35" title="On hold" enabled="Y" seq="4" fieldId="259" />
		<row description="" id="36" title="Complete" enabled="Y" seq="5" fieldId="259" />
	</rows>
</table>