<?xml version="1.1"?>
<table name="com.smartbear.ccollab.datamodel.ExternalLinkData" nrows="20" ncols="7">
	<columns>
		<column name="regex" type="string" />
		<column name="urlFormat" type="string" />
		<column name="caseSensitive" type="char" />
		<column name="toolTip" type="string" />
		<column name="id" type="int" />
		<column name="title" type="string" />
		<column name="remoteSystemId" type="int" />
	</columns>
	<rows>
		<row regex="(^|[^a-zA-Z])(E2DHITS-\d+)" urlFormat="" caseSensitive="N" toolTip="Issues [JIRA 7.13.8]" id="428" title="Issues [JIRA 7.13.8]" remoteSystemId="2" />
		<row regex="(^|[^a-zA-Z])(BSEVXPCS-\d+)" urlFormat="" caseSensitive="N" toolTip="Issues [JIRA 7.13.8]" id="429" title="Issues [JIRA 7.13.8]" remoteSystemId="2" />
		<row regex="(^|[^a-zA-Z])(CSFCSEMS-\d+)" urlFormat="" caseSensitive="N" toolTip="Issues [JIRA 7.13.8]" id="430" title="Issues [JIRA 7.13.8]" remoteSystemId="2" />
		<row regex="(^|[^a-zA-Z])(EMSITAR-\d+)" urlFormat="" caseSensitive="N" toolTip="Issues [JIRA 7.13.8]" id="431" title="Issues [JIRA 7.13.8]" remoteSystemId="2" />
		<row regex="(^|[^a-zA-Z])(EFEEL-\d+)" urlFormat="" caseSensitive="N" toolTip="Issues [JIRA 7.13.8]" id="432" title="Issues [JIRA 7.13.8]" remoteSystemId="2" />
		<row regex="(^|[^a-zA-Z])(EMSPR-\d+)" urlFormat="" caseSensitive="N" toolTip="Issues [JIRA 7.13.8]" id="433" title="Issues [JIRA 7.13.8]" remoteSystemId="2" />
		<row regex="(^|[^a-zA-Z])(EMSPROCESS-\d+)" urlFormat="" caseSensitive="N" toolTip="Issues [JIRA 7.13.8]" id="434" title="Issues [JIRA 7.13.8]" remoteSystemId="2" />
		<row regex="(^|[^a-zA-Z])(EMSSCRUM1-\d+)" urlFormat="" caseSensitive="N" toolTip="Issues [JIRA 7.13.8]" id="435" title="Issues [JIRA 7.13.8]" remoteSystemId="2" />
		<row regex="(^|[^a-zA-Z])(EMSE-\d+)" urlFormat="" caseSensitive="N" toolTip="Issues [JIRA 7.13.8]" id="436" title="Issues [JIRA 7.13.8]" remoteSystemId="2" />
		<row regex="(^|[^a-zA-Z])(G650-\d+)" urlFormat="" caseSensitive="N" toolTip="Issues [JIRA 7.13.8]" id="437" title="Issues [JIRA 7.13.8]" remoteSystemId="2" />
		<row regex="(^|[^a-zA-Z])(LPC-\d+)" urlFormat="" caseSensitive="N" toolTip="Issues [JIRA 7.13.8]" id="438" title="Issues [JIRA 7.13.8]" remoteSystemId="2" />
		<row regex="(^|[^a-zA-Z])(LPCM-\d+)" urlFormat="" caseSensitive="N" toolTip="Issues [JIRA 7.13.8]" id="439" title="Issues [JIRA 7.13.8]" remoteSystemId="2" />
		<row regex="(^|[^a-zA-Z])(E2HSTS-\d+)" urlFormat="" caseSensitive="N" toolTip="Issues [JIRA 7.13.8]" id="440" title="Issues [JIRA 7.13.8]" remoteSystemId="2" />
		<row regex="(^|[^a-zA-Z])(IP-\d+)" urlFormat="" caseSensitive="N" toolTip="Issues [JIRA 7.13.8]" id="441" title="Issues [JIRA 7.13.8]" remoteSystemId="2" />
		<row regex="(^|[^a-zA-Z])(DACQT-\d+)" urlFormat="" caseSensitive="N" toolTip="Issues [JIRA 7.13.8]" id="442" title="Issues [JIRA 7.13.8]" remoteSystemId="2" />
		<row regex="(^|[^a-zA-Z])(MRJHSTS-\d+)" urlFormat="" caseSensitive="N" toolTip="Issues [JIRA 7.13.8]" id="443" title="Issues [JIRA 7.13.8]" remoteSystemId="2" />
		<row regex="(^|[^a-zA-Z])(MRJHSTSPPM-\d+)" urlFormat="" caseSensitive="N" toolTip="Issues [JIRA 7.13.8]" id="444" title="Issues [JIRA 7.13.8]" remoteSystemId="2" />
		<row regex="(^|[^a-zA-Z])(MRJPCS-\d+)" urlFormat="" caseSensitive="N" toolTip="Issues [JIRA 7.13.8]" id="445" title="Issues [JIRA 7.13.8]" remoteSystemId="2" />
		<row regex="(^|[^a-zA-Z])(MRJPCSPPM-\d+)" urlFormat="" caseSensitive="N" toolTip="Issues [JIRA 7.13.8]" id="446" title="Issues [JIRA 7.13.8]" remoteSystemId="2" />
		<row regex="(^|[^a-zA-Z])(DEMO-\d+)" urlFormat="" caseSensitive="N" toolTip="Issues [JIRA 7.13.8]" id="447" title="Issues [JIRA 7.13.8]" remoteSystemId="2" />
	</rows>
</table>