<?xml version="1.1"?>
<table name="com.smartbear.ccollab.datamodel.AssignmentData" nrows="1" ncols="8">
	<columns>
		<column name="isSubscribed" type="char" />
		<column name="signatureStatus" type="char" />
		<column name="roleId" type="int" />
		<column name="poolGroupId" type="int" />
		<column name="actionCode" type="char" />
		<column name="id" type="int" />
		<column name="reviewId" type="int" />
		<column name="userId" type="int" />
	</columns>
	<rows>
		<row isSubscribed="N" signatureStatus="U" roleId="10" poolGroupId="0" actionCode="N" id="7680" reviewId="1023" userId="4" />
	</rows>
</table>