<?xml version="1.1"?>
<table name="com.smartbear.ccollab.datamodel.ChecklistItemData" nrows="310" ncols="3">
	<columns>
		<column name="itemName" type="string" />
		<column name="id" type="int" />
		<column name="checklistId" type="int" />
	</columns>
	<rows>
		<row itemName="The following is an outline of items to review during all document peer reviews." id="105" checklistId="3" />
		<row itemName="Has the spelling and grammar been checked?" id="106" checklistId="3" />
		<row itemName="Are all of the acronyms clearly defined?" id="107" checklistId="3" />
		<row itemName="Are all references documented and released to a state at which the reviewed document will be released at or higher?" id="108" checklistId="3" />
		<row itemName="Have correct templates been used to create the document or otherwise approved by CM or SCL?" id="109" checklistId="3" />
		<row itemName="Is the artifact under review clear and unambiguous?" id="110" checklistId="3" />
		<row itemName="Is a part number assigned?" id="111" checklistId="3" />
		<row itemName="Have all &#8220;To Be Determined&#8221; or &#8220;To Be Confirmed&#8221; or equivalent definitions been removed?" id="112" checklistId="3" />
		<row itemName="Are the correct export markings on the document?" id="113" checklistId="3" />
		<row itemName="Has the scope, and only the scope, of the change prescribed by CCB complete?" id="114" checklistId="2" />
		<row itemName="Did all required reviewers participate in the peer review, including special participants as defined by CCB?" id="115" checklistId="2" />
		<row itemName="Peer Review has been checked and verified that the &quot;non-issue&quot; status has not been used for any findings." id="116" checklistId="2" />
		<row itemName="Peer Review has been checked and all cancelled findings have a valid reason for being cancelled (example:  duplicate or no change was required)" id="117" checklistId="2" />
		<row itemName="Peer Review has been checked and verified that any duplicate findings are in fact duplicates." id="118" checklistId="2" />
		<row itemName="Each artifact&apos;s resulting version on the &apos;Artifacts&apos; tab reflects the final reviewed version." id="119" checklistId="2" />
		<row itemName="Each artifact reviewed is identical revision to the source content maintained in the drafting tool system (example: Enovia)" id="120" checklistId="2" />
		<row itemName="All appropriate child change requests have been created to complete tracing and functionality updates at lower requirement levels.  See the Change Request Implementation Plan (CPN 0-001) for details." id="121" checklistId="2" />
		<row itemName="Were all required invitees invited to participate in the peer review?" id="122" checklistId="2" />
		<row itemName="Does the review have all required data to ensure implementation correctness stored in engineering configuration control or released through the enterprise CM system?" id="123" checklistId="2" />
		<row itemName="Does the resulting change meet the intent of the Change Request as approved by CCB?  (Does the change resolve the intended issue and function correctly?)" id="124" checklistId="2" />
		<row itemName="Have changes made as a result of findings been applied to all affected artifacts (markups, change bars, and final incorporated versions)?" id="125" checklistId="2" />
		<row itemName="If the artifact(s) will be released through SCL, has Safety or Safety delegate participated in the review?" id="126" checklistId="2" />
		<row itemName="If a stress analysis is required for this change, has it completed with passing results?" id="127" checklistId="1" />
		<row itemName="If a tolerance analysis is required for this change, has it completed with passing results?" id="128" checklistId="1" />
		<row itemName="Are all referenced items correct and released to State 40 for production or State 30 for Engineering release?" id="129" checklistId="1" />
		<row itemName="Has the BOM Validation been performed and issues addressed?" id="130" checklistId="1" />
		<row itemName="Are changes compatible to mating parts and tolerances?" id="131" checklistId="1" />
		<row itemName="Do datum structures reflect structural design tolerances?" id="132" checklistId="1" />
		<row itemName="Does the model density match the material callout?" id="133" checklistId="1" />
		<row itemName="Has the where used box been cleared?" id="134" checklistId="1" />
		<row itemName="Is the rev letter updated?" id="135" checklistId="1" />
		<row itemName="Are dissimilar metal contact locations properly treated or separated to avoid galvanic corrosion?" id="136" checklistId="1" />
		<row itemName="Does the incorporated drawing correctly reflect the changes defined by the markups?" id="137" checklistId="1" />
		<row itemName="Is the incorporated drawing free from changes that were not defined by the markups?" id="138" checklistId="1" />
		<row itemName="Have all assembly drawings, especially top level drawings, been evaluated for Design for Manufacture considerations?" id="139" checklistId="1" />
		<row itemName="Does the design implemented or the change satisfy the system and product requirements?" id="140" checklistId="1" />
		<row itemName="Does the drawing comply with existing design standards?" id="141" checklistId="1" />
		<row itemName="[Configuration Management and Version Reporting]&#13;&#10;Help | About screen has description, build, and copyright date" id="142" checklistId="4" />
		<row itemName="[Configuration Management and Version Reporting]&#13;&#10;Part number in title bar is correct" id="143" checklistId="4" />
		<row itemName="[Configuration Management and Version Reporting]&#13;&#10;Version history file included" id="144" checklistId="4" />
		<row itemName="[Configuration Management and Version Reporting]&#13;&#10;Ignore Checksum is set to False" id="145" checklistId="4" />
		<row itemName="[Configuration Management and Version Reporting]&#13;&#10;Ignore Check ITA Config is set to False" id="146" checklistId="4" />
		<row itemName="[Configuration Management and Version Reporting]&#13;&#10;Engineering Use only statement removed" id="147" checklistId="4" />
		<row itemName="[Project File]&#13;&#10;No dependencies listed in Project" id="148" checklistId="4" />
		<row itemName="[Project File]&#13;&#10;No VIs or Controls without callers in project" id="149" checklistId="4" />
		<row itemName="[Project File]&#13;&#10;No extra files in project directory" id="150" checklistId="4" />
		<row itemName="[Project File]&#13;&#10;All project files are in the project directory or subdirectory" id="151" checklistId="4" />
		<row itemName="[Project File]&#13;&#10;Configuration files are not included in source or executable zip files." id="152" checklistId="4" />
		<row itemName="[Project File]&#13;&#10;Path is compatible with ATExec" id="153" checklistId="4" />
		<row itemName="[GUI Operation]&#13;&#10;Controls set to Disabled and Greyed out when Monitor Enable is off" id="154" checklistId="4" />
		<row itemName="[GUI Operation]&#13;&#10;Instrument and UUT data set to NaN when no valid data present" id="155" checklistId="4" />
		<row itemName="[GUI Operation]&#13;&#10;Out of bound entries are restored to previous values" id="156" checklistId="4" />
		<row itemName="[GUI Operation]&#13;&#10;Controls with corresponding values stored in Logging Header disabled when logging" id="157" checklistId="4" />
		<row itemName="[GUI Operation]&#13;&#10;Resolver phase stability - if applicable (i.e. do not use averaging)" id="158" checklistId="4" />
		<row itemName="[Style and Formatting]&#13;&#10;Diagram Disable structures removed (no dead code)" id="159" checklistId="4" />
		<row itemName="[Style and Formatting]&#13;&#10;Clear and readable signal flow from left to right OR top to bottom" id="160" checklistId="4" />
		<row itemName="[Style and Formatting]&#13;&#10;Controls placed in the event structure Value Change case" id="161" checklistId="4" />
		<row itemName="[Style and Formatting]&#13;&#10;GUI Horizontal and Vertical scroll bars disabled" id="162" checklistId="4" />
		<row itemName="[Style and Formatting]&#13;&#10;GUI correctly positioned in window" id="163" checklistId="4" />
		<row itemName="[Style and Formatting]&#13;&#10;Windows close button disabled" id="164" checklistId="4" />
		<row itemName="RVDT Scale factors are correct (sign orientation)" id="165" checklistId="5" />
		<row itemName="Analog output scaling is correct" id="166" checklistId="5" />
		<row itemName="Discrete Outputs from DIO board are set to Active Low" id="167" checklistId="5" />
		<row itemName="Reported Configuration version is correct (Version Control.ini)" id="168" checklistId="5" />
		<row itemName="Configuration files for all instruments that require normalization are set to NaN" id="169" checklistId="5" />
		<row itemName="Version Reporting updated" id="170" checklistId="5" />
		<row itemName="No extra config files included" id="171" checklistId="5" />
		<row itemName="Checksums files updated" id="172" checklistId="5" />
		<row itemName="Outputs defaults set to default OFF condition" id="173" checklistId="5" />
		<row itemName="[DLL]&#13;&#10;DLL inputs/outputs are standard C type (DLL can be read by TestStand and LabVIEW)" id="174" checklistId="6" />
		<row itemName="[DLL]&#13;&#10;Software version correctly reported" id="175" checklistId="6" />
		<row itemName="[Project File]&#13;&#10;No dependencies listed in Project" id="176" checklistId="6" />
		<row itemName="[Project File]&#13;&#10;No extra files in project directory" id="177" checklistId="6" />
		<row itemName="[Project File]&#13;&#10;All project files are in the project directory or subdirectory" id="178" checklistId="6" />
		<row itemName="[Project File]&#13;&#10;Configuration files are included in source and executable zip files." id="179" checklistId="6" />
		<row itemName="[Project File]&#13;&#10;Path is compatible with ATExec" id="180" checklistId="6" />
		<row itemName="[Style and Formatting]&#13;&#10;Diagram Disable structures removed (no dead code)" id="181" checklistId="6" />
		<row itemName="[Style and Formatting]&#13;&#10;Clear and readable signal flow from left to right OR top to bottom" id="182" checklistId="6" />
		<row itemName="[Style and Formatting]&#13;&#10;Controls placed in the event structure Value Change case" id="183" checklistId="6" />
		<row itemName="[Style and Formatting]&#13;&#10;GUI Horizontal and Vertical scroll bars disabled" id="184" checklistId="6" />
		<row itemName="[Style and Formatting]&#13;&#10;GUI correctly positioned in window" id="185" checklistId="6" />
		<row itemName="[Style and Formatting]&#13;&#10;Windows close button disabled" id="186" checklistId="6" />
		<row itemName="[Report Readability]&#13;&#10;Utility sequence calls are set to Disable Trace Into" id="187" checklistId="7" />
		<row itemName="[Report Readability]&#13;&#10;All non verification steps are set to Disable Result Reporting" id="188" checklistId="7" />
		<row itemName="[Report Readability]&#13;&#10;Sub Sequence and Step names fit within column (not truncated)" id="189" checklistId="7" />
		<row itemName="[Report Readability]&#13;&#10;TIDs are correct" id="190" checklistId="7" />
		<row itemName="[Memory Management]&#13;&#10;For Endurance and other long tests where memory accumulation will be an issue:&#13;&#10;            Set Sequence File properties to Load Dynamically&#13;&#10;            Set Sequence File properties to Unload after step completes&#13;&#10;            Set all Sequence properties to Disable all Result Recording&#13;&#10;            Set all Sequence properties to turn off Optimize non-reentrant calls" id="191" checklistId="7" />
		<row itemName="[ProdCfg file]&#13;&#10;Disable ITA ID Check set to False" id="192" checklistId="7" />
		<row itemName="[ProdCfg file]&#13;&#10;Disable ITA SN Check set to False" id="193" checklistId="7" />
		<row itemName="[ProdCfg file - UUTx]&#13;&#10;Sequence File(s) correct" id="194" checklistId="7" />
		<row itemName="[ProdCfg file - UUTx]&#13;&#10;UUT Part Number(s) correct" id="195" checklistId="7" />
		<row itemName="[ProdCfg file - UUTx]&#13;&#10;ITA Part Number(s) correct" id="196" checklistId="7" />
		<row itemName="[ProdCfg file - UUTx]&#13;&#10;ITA ID Resistor(s) correct" id="197" checklistId="7" />
		<row itemName="[ProdCfg file - UUTx HeaderInfo]&#13;&#10;ATM Part Number and Revision are correct" id="198" checklistId="7" />
		<row itemName="[ProdCfg file - UUTx HeaderInfo]&#13;&#10;Sequence Part Number Correct" id="199" checklistId="7" />
		<row itemName="[ProdCfg file - UUTx HeaderInfo]&#13;&#10;GUI Part Number Correct" id="200" checklistId="7" />
		<row itemName="[ProdCfg file - GUI]&#13;&#10;GUI Path Correct" id="201" checklistId="7" />
		<row itemName="[ProdCfg file - GUI]&#13;&#10;GUI Control Name File Correct" id="202" checklistId="7" />
		<row itemName="Default instrument set correctly (not SIMULATED)" id="203" checklistId="8" />
		<row itemName="DLL inputs/outputs are standard C type (DLL can be read by TestStand and LabVIEW)" id="204" checklistId="8" />
		<row itemName="DLL functions check Initialized flag before performing operation" id="205" checklistId="8" />
		<row itemName="Input data range/state validity checking and error reporting" id="206" checklistId="8" />
		<row itemName="1. Has the spelling and grammar been checked?" id="207" checklistId="9" />
		<row itemName="2. Are all of the acronyms clearly defined?" id="208" checklistId="9" />
		<row itemName="3. Are all references documented and released to a state at which the reviewed document will be released at or higher?" id="209" checklistId="9" />
		<row itemName="4. Have correct templates been used to create the document or otherwise approved by CM or SCL?" id="210" checklistId="9" />
		<row itemName="5. Is the artifact under review clear and unambiguous?" id="211" checklistId="9" />
		<row itemName="6. Is a part number assigned?" id="212" checklistId="9" />
		<row itemName="7. Have all &#8220;To Be Determined&#8221; or &#8220;To Be Confirmed&#8221; or equivalent definitions been removed?" id="213" checklistId="9" />
		<row itemName="8. Are the correct export markings on the document?" id="214" checklistId="9" />
		<row itemName="1. Has the scope, and only the scope, of change, prescribed by the CCB been completed?" id="215" checklistId="10" />
		<row itemName="2. Did all required participants participate in the peer review, including special participants as defined by CCB?" id="216" checklistId="10" />
		<row itemName="3. Did all Reviewers mark each artifact Accepted in the Overall section of each artifact?" id="217" checklistId="10" />
		<row itemName="4. The Peer Review has been checked and all deleted findings have a valid reason for being deleted (duplicate or no change was required)." id="218" checklistId="10" />
		<row itemName="5. The Peer Review has been checked and verified that any duplicate findings are in fact duplicates." id="219" checklistId="10" />
		<row itemName="6. Each artifact&#8217;s resulting version in the &#8216;Review Materials&#8217; pane reflects the final reviewed version." id="220" checklistId="10" />
		<row itemName="7. f the artifacts in this review are revisions, were the respective latest versions pulled from Enovia?" id="221" checklistId="10" />
		<row itemName="8. All appropriate child change requests have been created to complete tracing and functionality updates at lower requirement levels" id="222" checklistId="10" />
		<row itemName="9. Does the review have all required data to ensure implementation correctness stored in engineering configuration control or released through the enterprise CM system?" id="223" checklistId="10" />
		<row itemName="10. Does the resulting change meet the intent of the Change Request as approved by CCB? (Does the change resolve the intended issue and function correctly?)" id="224" checklistId="10" />
		<row itemName="11. Have changes made as a result of findings been applied to all affected artifacts (markups, change bars, and final incorporated versions)?" id="225" checklistId="10" />
		<row itemName="12. If the artifact(s) will be released through SCL, has Safety or Safety delegate participated in the review?" id="226" checklistId="10" />
		<row itemName="1. Has the scope, and only the scope, of change, prescribed by the CCB been completed?" id="227" checklistId="11" />
		<row itemName="2. Did all required participants participate in the peer review, including special participants as defined by CCB?" id="228" checklistId="11" />
		<row itemName="3. The Peer Review has been checked and all deleted findings have a valid reason for being deleted (duplicate or no change was required)." id="229" checklistId="11" />
		<row itemName="4. The Peer Review has been checked and verified that any duplicate findings are in fact duplicates" id="230" checklistId="11" />
		<row itemName="5. Each artifact&#8217;s resulting version in the &#8216;Review Materials&#8217; pane reflects the final reviewed version." id="231" checklistId="11" />
		<row itemName="6. If the artifacts in this review are revisions, were the respective latest versions pulled from Enovia?" id="232" checklistId="11" />
		<row itemName="7. Does the review have all required data to ensure implementation correctness stored in engineering configuration control or released through the enterprise CM system?" id="233" checklistId="11" />
		<row itemName="8. Does the resulting change meet the intent of the Change Request as approved by CCB? (Does the change resolve the intended issue and function correctly?)" id="234" checklistId="11" />
		<row itemName="9. Have changes made as a result of findings been applied to all affected artifacts (markups, change bars, and final incorporated versions)?" id="235" checklistId="11" />
		<row itemName="10. If the artifact(s) will be released through SCL, has Safety or Safety delegate participated in the review?" id="236" checklistId="11" />
		<row itemName="11. Have all participants filed out the Final Approval field?" id="237" checklistId="11" />
		<row itemName="1. If a stress analysis is required for this change, has it completed with passing results?" id="238" checklistId="12" />
		<row itemName="2. If a tolerance analysis is required for this change, has it completed with passing results?" id="239" checklistId="12" />
		<row itemName="3. Are all referenced items correct and released to State 40 for production or State 30 for Engineering release?" id="240" checklistId="12" />
		<row itemName="4. Has the BOM Validation been performed and issues addressed?" id="241" checklistId="12" />
		<row itemName="5. Are changes compatible to mating parts and tolerances?" id="242" checklistId="12" />
		<row itemName="6. Do datum structures reflect structural design tolerances?" id="243" checklistId="12" />
		<row itemName="7. Does the model density match the material callout?" id="244" checklistId="12" />
		<row itemName="8. Has the where-used box been cleared?" id="245" checklistId="12" />
		<row itemName="9. Is the rev letter updated?" id="246" checklistId="12" />
		<row itemName="10. Are dissimilar metal contact locations properly treated or separated to avoid galvanic corrosion?" id="247" checklistId="12" />
		<row itemName="11. Does the incorporated drawing correctly reflect the changes defined by the markups?" id="248" checklistId="12" />
		<row itemName="12. Is the incorporated drawing free from changes that were not defined by the markups?" id="249" checklistId="12" />
		<row itemName="13. Have all assembly drawings, especially top level drawings, been evaluated for Design for Manufacture considerations?" id="250" checklistId="12" />
		<row itemName="14. Does the design implemented or the change satisfy the system and product requirements?" id="251" checklistId="12" />
		<row itemName="15. Does the drawing comply with existing design standards?" id="252" checklistId="12" />
		<row itemName="1. Is each requirement accurate, unambiguous and sufficiently detailed?" id="253" checklistId="13" />
		<row itemName="2. Is each requirement allocated to the appropriate function, subsystem or domain?" id="254" checklistId="13" />
		<row itemName="3. Do the requirements contain one and only one &#8220;shall&#8221; statement?" id="255" checklistId="13" />
		<row itemName="4. Are the requirements attainable?" id="256" checklistId="13" />
		<row itemName="5. Are the requirements verifiable, with an appropriate verification method specified?" id="257" checklistId="13" />
		<row itemName="6. Has the correct object type been correctly specified for all objects? Are requirements clearly separated from comments, notes, and rationale?" id="258" checklistId="13" />
		<row itemName="7. Do the requirements correctly trace to their parent requirement(s)?" id="259" checklistId="13" />
		<row itemName="8. Have conflicting requirements been resolved?" id="260" checklistId="13" />
		<row itemName="9. Is each requirement uniquely numbered?" id="261" checklistId="13" />
		<row itemName="10. Have all states and modes been addressed (logically complete)?" id="262" checklistId="13" />
		<row itemName="11. Has failure handling been defined for error, limit, and out-of-range conditions? " id="263" checklistId="13" />
		<row itemName="12. Do requirements avoid specifying the implementation (i.e., describe what needs to happen rather than how)? " id="264" checklistId="13" />
		<row itemName="13. Are performance criteria and constraints specified, when applicable (e.g., precision, accuracy, timing, tolerances)? " id="265" checklistId="13" />
		<row itemName="14. Has the use of vague language such as SOME, SOMETIMES, OFTEN, USUALLY, ORDINARILY, MOST, MOSTLY, HANDLED, PROCESSED, REJECTED, SKIPPED, or ELIMINATED been avoided? " id="266" checklistId="13" />
		<row itemName="15. Has appropriate rationale been added to explain why each derived requirement exists? " id="267" checklistId="13" />
		<row itemName="16. Have all safety-tagged and derived requirements in the final version of the artifact(s) been reviewed by safety? " id="268" checklistId="13" />
		<row itemName="17. Are requirements stated positively (&#8220;shall&#8221; and not &#8220;shall not&#8221;)? " id="269" checklistId="13" />
		<row itemName="18. Have requirements needing a 3rd method of validation been tagged correctly? " id="270" checklistId="13" />
		<row itemName="19. Has the 3rd validation method for each requirement been completed (if tagged)? " id="271" checklistId="13" />
		<row itemName="1. Is there enough detail available to develop test scripts from the test cases?" id="272" checklistId="14" />
		<row itemName="2. Do the test cases avoid unnecessary duplication and overlap of other test cases?" id="273" checklistId="14" />
		<row itemName="3. Do the requirements-based test cases have their respective parent requirements listed in the Parent column?" id="274" checklistId="14" />
		<row itemName="4. Do the test cases list any applicable reference items in either the Reference or External Reference column?" id="275" checklistId="14" />
		<row itemName="5. Do the requirements-based test cases completely test the parent requirements" id="276" checklistId="14" />
		<row itemName="6. Do the test cases include checks of the system robustness?" id="277" checklistId="14" />
		<row itemName="7. Is there enough detail in the test cases to develop the expected results for the test scripts? Are the expected results listed and suitably detailed (pass/fail criteria and tolerances)?" id="278" checklistId="14" />
		<row itemName="8. Does the Verification Method column properly describe the method(s) used to verify the Test Cases?" id="279" checklistId="14" />
		<row itemName="9. Are the Test Cases marked as Safety related if any requirements in a Test Case are Safety Related?" id="280" checklistId="14" />
		<row itemName="10. Are the Test Cases marked as Derived if any of the requirements in a Test Case are Derived?" id="281" checklistId="14" />
		<row itemName="11. Is/are the appropriate CR(s) listed in the CR column for the changes? " id="282" checklistId="14" />
		<row itemName="12. Is there enough detail available to develop test scripts from the test cases? " id="283" checklistId="14" />
		<row itemName="13. Do the requirements-based test cases have their respective parent requirements listed in the Parent column? " id="284" checklistId="14" />
		<row itemName="14. Do the test cases list any applicable reference items in either the Reference or External Reference column? " id="285" checklistId="14" />
		<row itemName="1. Are the verified requirements listed in the artifact?" id="286" checklistId="15" />
		<row itemName="2. Are associated company, industry or engineering standards, techniques, methods, etc. referenced in the artifact?" id="287" checklistId="15" />
		<row itemName="3. Is there a step by step description of the analytical method(s) used?" id="288" checklistId="15" />
		<row itemName="4. Does the description of each analytical method used include an explanation why the method is suitable (applicable) to verify the requirements?" id="289" checklistId="15" />
		<row itemName="5. Is there a description of assumptions associated with each analytical method?" id="290" checklistId="15" />
		<row itemName="6. Does the description of assumptions include the impact of invalid assumptions on the analysis?" id="291" checklistId="15" />
		<row itemName="7. If a model or a simulation is used, is there sufficient fidelity in the model or simulation that yields credible results?" id="292" checklistId="15" />
		<row itemName="8. If coverage analysis is performed, is there sufficient detail to adequately assess coverage?" id="293" checklistId="15" />
		<row itemName="9. Is there a description of how each analysis is performed" id="294" checklistId="15" />
		<row itemName="10. Does the analysis consider normal and non-normal conditions?" id="295" checklistId="15" />
		<row itemName="11. Does the analysis consider fault and failure scenarios? " id="296" checklistId="15" />
		<row itemName="12. Is there traceability that shows what parts of the analyses verify which requirements? " id="297" checklistId="15" />
		<row itemName="13. Is there a description of the results of the analysis?" id="298" checklistId="15" />
		<row itemName="14. Are the raw data associated with the results of the analysis included either with the artifact or as a separate document? " id="299" checklistId="15" />
		<row itemName="15. Do the results clearly explain why the analyses show complete verification of the requirements (compliance)? " id="300" checklistId="15" />
		<row itemName="16. Is there a description of the tools used for the analysis, including version and configuration information? " id="301" checklistId="15" />
		<row itemName="17. For DAL A and B requirements, is there an independent systems person with sufficient knowledge of the analytical methods that participated in the review of the artifact? " id="302" checklistId="15" />
		<row itemName="1. Are the verified requirements listed in the artifact" id="303" checklistId="16" />
		<row itemName="2. Are associated company, industry or engineering standards, techniques, methods, etc. referenced in the artifact?" id="304" checklistId="16" />
		<row itemName="3. Are the items to be inspected under configuration control?" id="305" checklistId="16" />
		<row itemName="4. Is there a description of the inspection method(s) used?" id="306" checklistId="16" />
		<row itemName="5. Does the description of each inspection method used include an explanation why the method is suitable (applicable) to verify the requirements?" id="307" checklistId="16" />
		<row itemName="6. Is there a step by step description of how each inspection is performed?" id="308" checklistId="16" />
		<row itemName="7. Is there traceability that shows what parts of the inspections verify which requirements?" id="309" checklistId="16" />
		<row itemName="8. Is there a description of the results of the inspection?" id="310" checklistId="16" />
		<row itemName="9. Are the raw data associated with the results of the inspection included either with the artifact or as a separate document?" id="311" checklistId="16" />
		<row itemName="10. Do the results clearly explain why the inspections show complete verification of the requirements (compliance)?" id="312" checklistId="16" />
		<row itemName="11. Is there a description of the artifacts used in the inspection, including version and configuration information? " id="313" checklistId="16" />
		<row itemName="12. Is there a description of the tools used for the inspection, including version and configuration information? " id="314" checklistId="16" />
		<row itemName="13. For DAL A and B requirements, is there an independent systems person with sufficient knowledge of the inspection methods that participated in the review of the artifact? " id="315" checklistId="16" />
		<row itemName="1. Are the tested parameters recorded and have additional parameters been recorded to permit observation of potential unintended functionality?" id="316" checklistId="17" />
		<row itemName="2. Do the test scripts have their respective test cases listed in the Parent column?" id="317" checklistId="17" />
		<row itemName="3. Are the applicable conditions in the test cases adequately covered by the test scripts?" id="318" checklistId="17" />
		<row itemName="4. Is the data used in the test scripts checked for validity?" id="319" checklistId="17" />
		<row itemName="5. Do the test scripts output the necessary test results including expected results, actual values, and tolerances to indicate Pass/Fail?" id="320" checklistId="17" />
		<row itemName="6. Is the correct test script template used, if a template exists?" id="321" checklistId="17" />
		<row itemName="7. Do the test scripts utilize common utilities where appropriate?" id="322" checklistId="17" />
		<row itemName="8. Are preconditions checked and is the known (pre-test) state verified prior to starting the test?" id="323" checklistId="17" />
		<row itemName="9. Are there adequate comments for each test step to map the test steps in the test scripts to the test cases, where applicable?" id="324" checklistId="17" />
		<row itemName="10. Do the test scripts have commentary to adequately explain the script functionality?" id="325" checklistId="17" />
		<row itemName="11. Are all lines in the test scripts kept to a readable number of columns, and are all long comments and commands split among separate rows for readability? " id="326" checklistId="17" />
		<row itemName="12. Are the test scripts free of typos? " id="327" checklistId="17" />
		<row itemName="13. Are the parameters tested listed in the &#8220;variables used&#8221; section? " id="328" checklistId="17" />
		<row itemName="14. Are generic variable names avoided whenever possible? If generic variables are used, are they adequately commented? " id="329" checklistId="17" />
		<row itemName="15. Do the test scripts&#8217; names follow the applicable script naming standard? " id="330" checklistId="17" />
		<row itemName="16. Is Python commenting structure used for functions, so users can understand the local defined functions in the test scripts better? " id="331" checklistId="17" />
		<row itemName="17. Is the correct convention for listing requirement IDs used? " id="332" checklistId="17" />
		<row itemName="18. Do the test scripts have zero commented-out commands? " id="333" checklistId="17" />
		<row itemName="19. Have all unnecessary imports, globals, constants, waits, variables, and statements been deleted? " id="334" checklistId="17" />
		<row itemName="20. Have all CRs written for previous failures of these test scripts been closed? " id="335" checklistId="17" />
		<row itemName="1. Do the actual results match the expected results listed in the test script?" id="336" checklistId="18" />
		<row itemName="2. Has Quality witnessed this test? If yes, list Quality representative name(s) and test name(s)." id="337" checklistId="18" />
		<row itemName="3. Do the results clearly indicate that the requirement Pass/Fails?" id="338" checklistId="18" />
		<row itemName="4. Do recordings show the correct transition of the variables for test steps that were recorded by the test script" id="339" checklistId="18" />
		<row itemName="5. Are all test failures accurately explained?" id="340" checklistId="18" />
		<row itemName="6. For all failures, is adequate justification provided?" id="341" checklistId="18" />
		<row itemName="7. For all failures, is a CR written to make the necessary updates?" id="342" checklistId="18" />
		<row itemName="1. Does the PSSA conform to the current Safran standard template or to a customer template, supplied as a reference to the peer review?" id="343" checklistId="19" />
		<row itemName="2. Is there a complete Functional Hazard Assessment (FHA) for the system or subsystem under consideration?" id="344" checklistId="19" />
		<row itemName="3. Does each Catastrophic and Hazardous line item in the FHA include a cross reference to the Fault Tree Analysis (FTA) and corresponding probability (per Flight Hour or Event)?" id="345" checklistId="19" />
		<row itemName="4. Is there a table of all Catastrophic and Hazardous items with their respective calculated probabilities?" id="346" checklistId="19" />
		<row itemName="5. Does each Major hazard in the FHA include a cross reference to either a qualitative analysis or a FTA with corresponding probability (per Flight Hour or Event)?" id="347" checklistId="19" />
		<row itemName="6. Is there a table containing all significant latent failures that contribute to catastrophic failure conditions? Are there comments/discussions corresponding to each significant latent failure?" id="348" checklistId="19" />
		<row itemName="7. Does the document contain applicable Signal/Data Flow Diagrams?" id="349" checklistId="19" />
		<row itemName="8. Are there discussions of Availability and Integrity features?" id="350" checklistId="19" />
		<row itemName="9. Are there discussions regarding monitors and monitor coverage for specific parameters?" id="351" checklistId="19" />
		<row itemName="10. Are there discussions of periodic tests including period (test interval) and coverage?" id="352" checklistId="19" />
		<row itemName="11. Is there a section discussing Single Event Upset (SEU) analysis/susceptibility? " id="353" checklistId="19" />
		<row itemName="12. Are Design Assurance Levels (DALs) allocated using the prescribed process (Either ARP-4754A or (legacy CPN) 964-8342-450)? " id="354" checklistId="19" />
		<row itemName="13. Do all DAL allocations have corresponding Derived Safety Requirements (DSRs), or are all DAL allocations captured such that program-level DAL requirements can be provided to systems engineering? " id="355" checklistId="19" />
		<row itemName="14. If a DAL allocation lower than the failure classification is assigned (i.e., DAL reduction), is there a DAL Allocation Tree (DAT) or a reference to a DAT within the document? " id="356" checklistId="19" />
		<row itemName="15. Are there DSRs for all monitors, tests, monitor scrub times, monitor cycle times, and fault responses? " id="357" checklistId="19" />
		<row itemName="16. Are there assumptions for all external failure rates and exposure times? " id="358" checklistId="19" />
		<row itemName="17. Is there a table containing all of the exposure times used with corresponding descriptions? " id="359" checklistId="19" />
		<row itemName="18. Do all of the Basic Event (BE) names comply with either the program specific naming convention or the Safran standard from the (legacy) CAFTA Process Document (legacy CPN 964-8342-201)? " id="360" checklistId="19" />
		<row itemName="19. Are all of the Fault Trees contained in a single .caf file? " id="361" checklistId="19" />
		<row itemName="20. Do all of the Fault Trees reference a single .rr file? " id="362" checklistId="19" />
		<row itemName="21. Within the Type Code (TC) table, are there valid sources for each failure rate? " id="363" checklistId="19" />
		<row itemName="22. Do the Fault Trees use current Standard Failure Rates (SFRs) as defined by the Parts Engineer (PE) or Customer? " id="364" checklistId="19" />
		<row itemName="23. Does each TC reference the SFR version in the source field? " id="365" checklistId="19" />
		<row itemName="24. Are all page tops labeled in a logical and readable manner? " id="366" checklistId="19" />
		<row itemName="25. Do the trees include SEU events? " id="367" checklistId="19" />
		<row itemName="26. Do the AND gates for monitor/function clearly indicate the amount of monitor coverage? " id="368" checklistId="19" />
		<row itemName="27. Do all BEs correspond to HW failures? " id="369" checklistId="19" />
		<row itemName="28. Does the FTA EXCLUDE design errors from the analysis? " id="370" checklistId="19" />
		<row itemName="29. Do the Fault Trees contain BE placeholders for (external) power with p=0 or failure rates supplied by the customer? " id="371" checklistId="19" />
		<row itemName="30. Do the Fault Trees EXCLUDE BEs for DAL levels? " id="372" checklistId="19" />
		<row itemName="31. Is the &#8220;Calc 3&#8221; (mission time, no repair) method used for all probability calculations? " id="373" checklistId="19" />
		<row itemName="32. For p=0 cases, are standard subtrees and text used if available (ex. Merge cannot cause misleading data)? " id="374" checklistId="19" />
		<row itemName="33. Do the cutsets EXCLUDE the Per Hour conversion gate? " id="375" checklistId="19" />
		<row itemName="34. Do the cutsets include the event description field? " id="376" checklistId="19" />
		<row itemName="35. Does each cutset report include all cutsets that significantly contribute to the top-level probability (i.e. 2 orders of magnitude or more below the required top-level probability)? " id="377" checklistId="19" />
		<row itemName="36. Are all applicable cutset reports included? " id="378" checklistId="19" />
		<row itemName="37. Is there a qualitative discussion for each cutset report? " id="379" checklistId="19" />
		<row itemName="38. Are there any single event cutsets for catastrophic hazards (Should be NO)? " id="380" checklistId="19" />
		<row itemName="39. Are Reliability Prediction and other failure rate sources referenced in the PSSA? " id="381" checklistId="19" />
		<row itemName="40. If applicable, is there a reference to the Aircraft (AC) System Spec? " id="382" checklistId="19" />
		<row itemName="41. If applicable, is there a reference to the Software Design Document (SDD) or other design documents (e.g., System Design Description)? " id="383" checklistId="19" />
		<row itemName="1. Does the SSA conform to the current Safran standard template or to a customer template, supplied as a reference to the peer review?" id="384" checklistId="20" />
		<row itemName="2. Does the draft SSA contain Deferred Action Items (if yes, explain why AIs are appropriate)?" id="385" checklistId="20" />
		<row itemName="3. Does the final SSA have no open Action Items?" id="386" checklistId="20" />
		<row itemName="4. Are there References to external and Safran documents?" id="387" checklistId="20" />
		<row itemName="5. Is the FHA complete and is there a closure on each item?" id="388" checklistId="20" />
		<row itemName="6. Does the SSA contain the standard text or analysis if Safran is the STC applicant?" id="389" checklistId="20" />
		<row itemName="7. Are all sections in the document filled in appropriately, or otherwise have an explanation for leaving a section unpopulated?" id="390" checklistId="20" />
		<row itemName="8. Are SW &amp; HW tables populated with data from SAS/HAS, and from the System Accomplishment Summary as applicable?" id="391" checklistId="20" />
		<row itemName="9. Does the DAL Summary table contain an entry for every LRU that was allocated a DAL in the PSSA?" id="392" checklistId="20" />
		<row itemName="10. Is there justification for CEH/SW which are lower than the required LRU DAL (i.e., DAL reduction)?" id="393" checklistId="20" />
		<row itemName="11. Is there an FTA for each Catastrophic and Hazardous items (mapping is allowed)? " id="394" checklistId="20" />
		<row itemName="12. Is FTA construction per the CS CAFTA Process (legacy CPN 964-8342-201)? " id="395" checklistId="20" />
		<row itemName="13. Are P=1 and P=0 used properly? " id="396" checklistId="20" />
		<row itemName="14. Does the FTA contain SEUs? " id="397" checklistId="20" />
		<row itemName="15. Are cutsets listed for 2 orders of magnitude? " id="398" checklistId="20" />
		<row itemName="16. Cutsets do not contain the per hour conversion? " id="399" checklistId="20" />
		<row itemName="17. Catastrophic hazards have no single event cutsets? " id="400" checklistId="20" />
		<row itemName="18. No cutsets have latent and active failures of the same device? " id="401" checklistId="20" />
		<row itemName="19. Is there adequate documentation of the failure rates? " id="402" checklistId="20" />
		<row itemName="20. Do exposure times use named Constants? " id="403" checklistId="20" />
		<row itemName="21. Does a CCA section exist and is it populated correctly? " id="404" checklistId="20" />
		<row itemName="22. Does the SSA contain the standard CCA analyses (e.g., PRA, ZSA and CMA) if Safran is the STC applicant? " id="405" checklistId="20" />
		<row itemName="23. Is there a common mode analysis which addresses independence? " id="406" checklistId="20" />
		<row itemName="24. Is there a Segregation Analysis (SegAn) or Independence Analysis (IndAn) for all catastrophic events? " id="407" checklistId="20" />
		<row itemName="25. Are the necessary appendices included and complete? " id="408" checklistId="20" />
		<row itemName="26. Has an additional independent safety engineer participated in the review? " id="409" checklistId="20" />
		<row itemName="1. Has the scope, and only the scope, of change, prescribed by the CR been completed?" id="410" checklistId="21" />
		<row itemName="Did all required participants participate in the peer review, including special participants as defined by the CR, including Safety or Safety Delegate?" id="411" checklistId="21" />
		<row itemName="3. Did all Reviewers mark each artifact Accepted in the Overall section of each artifact?" id="412" checklistId="21" />
		<row itemName="4. Have all findings and comments been addressed?" id="413" checklistId="21" />
		<row itemName="5. Have changes made as a result of findings been applied to all affected artifacts?" id="414" checklistId="21" />
	</rows>
</table>