<?xml version="1.1"?>
<table name="com.smartbear.ccollab.datamodel.FileMetricsData" nrows="1" ncols="8">
	<columns>
		<column name="linesRemoved" type="int" />
		<column name="linesModified" type="int" />
		<column name="versionId" type="int" />
		<column name="pages" type="int" />
		<column name="linesAdded" type="int" />
		<column name="linesDelta" type="int" />
		<column name="id" type="int" />
		<column name="lines" type="int" />
	</columns>
	<rows>
		<row linesRemoved="0" linesModified="0" versionId="21664" pages="0" linesAdded="1" linesDelta="1" id="58285" lines="3" />
	</rows>
</table>