<?xml version="1.1"?>
<table name="com.smartbear.ccollab.datamodel.ReviewData" nrows="1" ncols="11">
	<columns>
		<column name="ruleTemplate" type="string" />
		<column name="lastPhaseChangeDateInSecs" type="int" />
		<column name="groupId" type="int" />
		<column name="phaseId" type="int" />
		<column name="creatorId" type="int" />
		<column name="title" type="string" />
		<column name="creationDate" type="date" />
		<column name="privateView" type="char" />
		<column name="id" type="int" />
		<column name="deadline" type="date" />
		<column name="customFieldTemplateId" type="int" />
	</columns>
	<rows>
		<row ruleTemplate="Standard" lastPhaseChangeDateInSecs="1709614997" groupId="4" phaseId="1" creatorId="4" title="r73 - Testing review creation from the SVN log view. Added a new line." creationDate="2024-03-05T04:03:17UTC" privateView="G" id="1023" deadline="2024-03-12T04:03:17UTC" customFieldTemplateId="10" />
	</rows>
</table>