<?xml version="1.1"?>
<table name="com.smartbear.ccollab.datamodel.ChecklistData" nrows="21" ncols="4">
	<columns>
		<column name="description" type="string" />
		<column name="id" type="int" />
		<column name="title" type="string" />
		<column name="enabled" type="char" />
	</columns>
	<rows>
		<row description="" id="1" title="Drawing Checklist" enabled="Y" />
		<row description="" id="2" title="Peer Review Closure" enabled="Y" />
		<row description="" id="3" title="General Documentation Checklist" enabled="Y" />
		<row description="" id="4" title="Test Engr SW Checklist - GUI" enabled="Y" />
		<row description="" id="5" title="Test Engr SW Checklist - Config Files" enabled="Y" />
		<row description="" id="6" title="Test Engr SW Checklist - Post Process" enabled="Y" />
		<row description="" id="7" title="Test Engr SW Checklist - Test Sequence" enabled="Y" />
		<row description="" id="8" title="Test Engr SW Checklist - Drivers" enabled="Y" />
		<row description="Effective 09/20/21 - new reviews under the new template" id="9" title="General Documentation_Rev A" enabled="Y" />
		<row description="Effective 09/20/21 - new reviews under the new template" id="10" title="Peer Review Closure_Rev A" enabled="Y" />
		<row description="Effective 05/25/23 - corrected spelling and changed questions to reflected the new template change Test Template V3" id="11" title="Peer Review Closure_Rev B" enabled="N" />
		<row description="Effective 05/25/23 - corrected spelling and changed questions to reflected the new template change Test Template V3; added numbering" id="12" title="Drawing Checklist_Rev A" enabled="N" />
		<row description="Requirements Checklist - applied to TCEM project" id="13" title="Requirements Checklist" enabled="Y" />
		<row description="Test Case Checklist - applied to TCEM project" id="14" title="Test Case Checklist" enabled="Y" />
		<row description="Verification by Analysis Checklist - applied to TCEM project" id="15" title="Verification by Analysis Checklist" enabled="Y" />
		<row description="Verification by Inspection Checklist - applied to TCEM project" id="16" title="Verification by Inspection Checklist" enabled="Y" />
		<row description="Test Script Checklist - applied to TCEM project" id="17" title="Test Script Checklist" enabled="Y" />
		<row description="Test Results Checklist - applied to TCEM project" id="18" title="Test Results Checklist" enabled="Y" />
		<row description="PSSA Peer Review Checklist - applied to TCEM project" id="19" title="PSSA Peer Review Checklist" enabled="Y" />
		<row description="SSA Peer Review Checklist - applied to TCEM project" id="20" title="SSA Peer Review Checklist" enabled="Y" />
		<row description="Effective July 2023; added to New Template July 2023&#13;&#10;Doc are Drawing Checklists have been removed" id="21" title="Peer Review Closure Rev B" enabled="Y" />
	</rows>
</table>