<?xml version="1.1"?>
<table name="com.smartbear.ccollab.datamodel.MetaDataValueStringBigData" nrows="15" ncols="5">
	<columns>
		<column name="targetId" type="int" />
		<column name="id" type="int" />
		<column name="userId" type="int" />
		<column name="value" type="string" />
		<column name="fieldId" type="int" />
	</columns>
	<rows>
		<row targetId="0" id="1" userId="0" value="" fieldId="175" />
		<row targetId="0" id="2" userId="0" value="6455-CE96-8039-1932-EFF5-C7AD-556A-0CE0" fieldId="73" />
		<row targetId="0" id="3" userId="0" value="" fieldId="52" />
		<row targetId="0" id="4" userId="0" value="6455-CE96-8039-1932-EFF5-C7AD-556A-0CE0" fieldId="73" />
		<row targetId="0" id="5" userId="0" value="" fieldId="52" />
		<row targetId="0" id="6" userId="0" value="" fieldId="51" />
		<row targetId="0" id="7" userId="0" value="Collaborator Wiki - https://almwiki-seda.sds.safran/display/ENG/Collaborator" fieldId="87" />
		<row targetId="0" id="19" userId="0" value="UTF-8&#10;UTF-16LE&#10;UTF-16BE&#10;ISO-8859-1&#10;ISO-8859-15&#10;Windows-1252&#10;EUC-JP&#10;EUC-KR" fieldId="84" />
		<row targetId="0" id="20" userId="0" value="" fieldId="86" />
		<row targetId="0" id="22" userId="0" value="" fieldId="229" />
		<row targetId="0" id="1027" userId="0" value="" fieldId="257" />
		<row targetId="0" id="1028" userId="0" value="" fieldId="258" />
		<row targetId="4" id="10" userId="0" value="1022,1023,679,1021,1020,1019,1018,1015,900,800,600" fieldId="166" />
		<row targetId="4" id="13" userId="0" value="Let&apos;s give this a try" fieldId="170" />
		<row targetId="4" id="1190" userId="0" value="Creator,My Role,Phase,Creation Date" fieldId="278" />
	</rows>
</table>