<?xml version="1.1"?>
<table name="com.smartbear.ccollab.datamodel.themes.dbo.WebUIThemeData" nrows="2" ncols="5">
	<columns>
		<column name="builtIn" type="char" />
		<column name="description" type="string" />
		<column name="id" type="int" />
		<column name="title" type="string" />
		<column name="key" type="string" />
	</columns>
	<rows>
		<row builtIn="Y" description="Classic WebUI theme" id="1" title="Classic" key="8168CA30D84D40C5B1A84298E0A30A72" />
		<row builtIn="Y" description="Dark WebUI theme" id="2" title="Dark" key="776DAFA7E28F451D81ECB062A0191456" />
	</rows>
</table>