<?xml version="1.1"?>
<table name="com.smartbear.ccollab.datamodel.RemoteSystemData" nrows="2" ncols="9">
	<columns>
		<column name="reviewTemplateId" type="int" />
		<column name="groupId" type="int" />
		<column name="repo" type="string" />
		<column name="active" type="char" />
		<column name="type" type="string" />
		<column name="title" type="string" />
		<column name="token" type="string" />
		<column name="id" type="int" />
		<column name="config" type="string" />
	</columns>
	<rows>
		<row reviewTemplateId="0" groupId="0" repo="http://srdeneng05.ud4.uf4/alm" active="N" type="WORKITEM" title="JIRA" token="JIRA" id="1" config="{&quot;url&quot;:&quot;http://srdeneng05.ud4.uf4/alm&quot;,&quot;username&quot;:&quot;jira&quot;,&quot;password&quot;:&quot;OWsD9UsyKAOm9PDdMyIzGg==&quot;,&quot;projects&quot;:&quot;CSFCSEMS, G650&quot;}" />
		<row reviewTemplateId="0" groupId="0" repo="https://srdeneng05.ud4.uf4:27001" active="Y" type="WORKITEM" title="Issues [JIRA 7.13.8]" token="JIRA" id="2" config="{&quot;url&quot;:&quot;https://srdeneng05.ud4.uf4:27001/&quot;,&quot;username&quot;:&quot;svc-jira-collab&quot;,&quot;password&quot;:&quot;FeryMhZkq4Az0nGkdb2MNGPddC8LNT45i5RSey/yraA=&quot;,&quot;projects&quot;:&quot;E2DHITS, BSEVXPCS, CSFCSEMS, EMSITAR, EFEEL, EMSPR, EMSPROCESS, EMSSCRUM1, EMSE, G650, LPC, LPCM, E2HSTS, IP, DACQT, MRJHSTS, MRJHSTSPPM, MRJPCS, MRJPCSPPM, DEMO&quot;}" />
	</rows>
</table>