<?xml version="1.1"?>
<table name="com.smartbear.ccollab.datamodel.themes.dbo.WebUIThemePartInfoData" nrows="234" ncols="7">
	<columns>
		<column name="name" type="string" />
		<column name="description" type="string" />
		<column name="cssPropertyType" type="string" />
		<column name="id" type="int" />
		<column name="title" type="string" />
		<column name="elementType" type="char" />
		<column name="group" type="char" />
	</columns>
	<rows>
		<row name="Phase_WaitTextColor" description="" cssPropertyType="CL" id="1" title="Wait text color" elementType="F" group="U" />
		<row name="Phase_SignatureAheadBackgroundColor" description="" cssPropertyType="BGCL" id="2" title="Signature ahead background color" elementType="F" group="U" />
		<row name="Link_GridVisitedTransition" description="Specifies the transition properties for the visited hyperlink in the Grid cells." cssPropertyType="TRNS" id="3" title="Grid transition - visited" elementType="L" group="U" />
		<row name="Tab_MouseOverBackgroundColor" description="The background color of the hovered tab." cssPropertyType="BGCL" id="4" title="Tab hover background color" elementType="W" group="U" />
		<row name="Metrics_BackgroundColor" description="Background color of the metrics block on the Review General Info section." cssPropertyType="BGCL" id="5" title="Metrics block background color" elementType="Y" group="U" />
		<row name="Phase_InspectionNextTextColor" description="" cssPropertyType="CL" id="6" title="Inspection next text color" elementType="F" group="U" />
		<row name="Chat_BalloonBackgroundColor" description="The background color in the balloon a chat." cssPropertyType="BGCL" id="7" title="Balloon background color" elementType="H" group="U" />
		<row name="Phase_CompletedNextBackgroundColor" description="" cssPropertyType="BGCL" id="8" title="Completed next background color" elementType="F" group="U" />
		<row name="Highlighting_SelectedLineOutlineWidth" description="The width the selected line width." cssPropertyType="WDTH" id="9" title="Selected line outline width" elementType="I" group="U" />
		<row name="Toolbar_PagerToolbarItemStrokeOffset" description="The horizontal offset of the selected item&apos;s stroke on the pager toolbar." cssPropertyType="MRGN" id="10" title="Pager toolbar selected item stroke offset" elementType="T" group="U" />
		<row name="Phase_ItemGap" description="The extra space between phase items. Minimum value depends on arrow spike width." cssPropertyType="MRGN" id="11" title="Phase item gap" elementType="F" group="U" />
		<row name="Phase_CompletedPassedTextColor" description="" cssPropertyType="CL" id="12" title="Completed passed text color" elementType="F" group="U" />
		<row name="Error_TextColor" description="Text color of the system wide and error messages." cssPropertyType="CL" id="13" title="Error block text color" elementType="Y" group="U" />
		<row name="Toolbar_AltBackgroundColor" description="The variation of the background color of the toolbar." cssPropertyType="BGCL" id="14" title="Toolbar alternative background color" elementType="T" group="U" />
		<row name="Chat_DefectsOpacityValue" description="The defects forms opacity value(0 - invisible, 1 - full visible)." cssPropertyType="OPTY" id="15" title="Defects forms opacity value" elementType="H" group="U" />
		<row name="Toolbar_ActionToolbarHeight" description="The desired height of the actions toolbar." cssPropertyType="HGHT" id="16" title="Actions toolbar height" elementType="T" group="U" />
		<row name="Highlighting_InnerDeletedBorderColor" description="The border color of the inner deleted content." cssPropertyType="BRCL" id="17" title="Inner deleted border color" elementType="I" group="U" />
		<row name="Chat_ChangedDefectTextColor" description="The changed defect text color in the chat." cssPropertyType="CL" id="18" title="Changed defect text color" elementType="H" group="U" />
		<row name="Link_GridActiveColor" description="The color of the active hyperlink in the Grid cells." cssPropertyType="CL" id="19" title="Grid color - active" elementType="L" group="U" />
		<row name="Error_BackgroundColor" description="Background color of the system wide and error messages." cssPropertyType="BGCL" id="20" title="Error block background color" elementType="Y" group="U" />
		<row name="Dialog_CaptionBackgroundColor" description="The background color of the popup dialog title bar." cssPropertyType="BGCL" id="21" title="Dialog caption background color" elementType="W" group="U" />
		<row name="Link_GridVisitedColor" description="The color of the visited hyperlink in the Grid cells." cssPropertyType="CL" id="22" title="Grid color - visited" elementType="L" group="U" />
		<row name="Toolbar_ToggleButtonBackgroundColor" description="Background color of toolbar toggle button." cssPropertyType="BGCL" id="23" title="Toolbar toggle button background color" elementType="Y" group="U" />
		<row name="Phase_CompletedAheadBackgroundColor" description="" cssPropertyType="BGCL" id="24" title="Completed ahead background color" elementType="F" group="U" />
		<row name="Dialog_CaptionTextColor" description="The color of the text in popup dialog&apos;s title bar." cssPropertyType="CL" id="25" title="Dialog caption text color" elementType="W" group="U" />
		<row name="Control_TextColor" description="" cssPropertyType="CL" id="26" title="Normal text color" elementType="C" group="U" />
		<row name="Chat_DefectsBorderOpacityValue" description="The defects forms border opacity value(0 - invisible, 1 - full visible)." cssPropertyType="OPTY" id="27" title="Defects forms border opacity value" elementType="H" group="U" />
		<row name="Button_PressedTextColor" description="The text color of the pressed button." cssPropertyType="CL" id="28" title="Pressed text color" elementType="B" group="U" />
		<row name="Grid_LineColor" description="The color of the grid lines." cssPropertyType="BRCL" id="29" title="Grid line color" elementType="G" group="U" />
		<row name="Tab_InactiveTextColor" description="The color of the text of an inactive tab." cssPropertyType="CL" id="30" title="Tab inactive text color" elementType="W" group="U" />
		<row name="Metrics_TextColor" description="Text color of the metrics block on the Review General Info section." cssPropertyType="CL" id="31" title="Metrics block text color" elementType="Y" group="U" />
		<row name="Button_BorderRadius" description="Button border radius." cssPropertyType="BRRD" id="32" title="Border radius" elementType="B" group="U" />
		<row name="Section_TextColor" description="The color of the text in the section&apos;s workspace area." cssPropertyType="CL" id="33" title="Text color" elementType="S" group="U" />
		<row name="Phase_ReworkNextTextColor" description="" cssPropertyType="CL" id="34" title="Rework next text color" elementType="F" group="U" />
		<row name="Grid_HeaderBackgroundColor" description="The background color of the grid header row." cssPropertyType="BGCL" id="35" title="Header background color" elementType="G" group="U" />
		<row name="Highlighting_AddedBackgroundColor" description="The background color of the added content." cssPropertyType="BGCL" id="36" title="Added background color" elementType="I" group="U" />
		<row name="Phase_InspectionPassedBackgroundColor" description="" cssPropertyType="BGCL" id="37" title="Inspection passed background color" elementType="F" group="U" />
		<row name="Footer_TextColor" description="Color of the text on the footer bar." cssPropertyType="CL" id="38" title="Footer text color" elementType="Y" group="U" />
		<row name="Chat_UploadedFileTextColor" description="The uploaded file text color in the chat." cssPropertyType="CL" id="39" title="Uploaded file text color" elementType="H" group="U" />
		<row name="Grid_OddRowColor" description="" cssPropertyType="BGCL" id="40" title="Odd row background color" elementType="G" group="U" />
		<row name="Phase_AnnotationPassedTextColor" description="" cssPropertyType="CL" id="41" title="Annotation passed text color" elementType="F" group="U" />
		<row name="Button_BackgroundColor" description="The background color of the enabled button." cssPropertyType="BGCL" id="42" title="Enabled background color" elementType="B" group="U" />
		<row name="Grid_HeaderTextColor" description="The text color of the grid header row." cssPropertyType="CL" id="43" title="Header text color" elementType="G" group="U" />
		<row name="Workspace_SectionGap" description="A gap between sections in the Review Overview workspace area." cssPropertyType="MRGN" id="44" title="Workspace section gap" elementType="Y" group="U" />
		<row name="Toolbar_PopupSelectionBackgroundColor" description="Background color of the selected item of the dropdown menu or popup." cssPropertyType="BGCL" id="45" title="Dropdown menu selection background color" elementType="T" group="U" />
		<row name="Highlighting_CodeKeywordFontWeight" description="The font weight of the keyword." cssPropertyType="FWHT" id="46" title="Font weight of the keyword" elementType="I" group="U" />
		<row name="Chat_BalloonUnreadBackgroundColor" description="The background color in the unread balloon a chat." cssPropertyType="BGCL" id="47" title="Balloon unread background color" elementType="H" group="U" />
		<row name="Highlighting_SelectedLineNumberTextColor" description="The text color of the selected line number." cssPropertyType="CL" id="48" title="Selected line number text color" elementType="I" group="U" />
		<row name="Window_BackgroundColor" description="The background color of the main window." cssPropertyType="BGCL" id="49" title="Background color" elementType="W" group="U" />
		<row name="Highlighting_InnerChangedBackgroundColor" description="The background color of the inner changed content." cssPropertyType="BGCL" id="50" title="Inner changed background color" elementType="I" group="U" />
		<row name="Chat_BalloonUnreadDisabledTextColor" description="The text color in the unread disabled balloon a chat." cssPropertyType="CL" id="51" title="Balloon unread disabled text color" elementType="H" group="U" />
		<row name="Warning_BackgroundColor" description="Background color of the system wide and warning messages." cssPropertyType="BGCL" id="52" title="Warning block background color" elementType="Y" group="U" />
		<row name="Control_MouseOverBorderColor" description="" cssPropertyType="BRCL" id="53" title="Hover border color" elementType="C" group="U" />
		<row name="Button_PressedBackgroundColor" description="The background color of the pressed button." cssPropertyType="BGCL" id="54" title="Pressed background color" elementType="B" group="U" />
		<row name="Phase_ChiselSpikeWidth" description="Length of the chisel like spike or tail." cssPropertyType="WDTH" id="55" title="Phase item chisel spike or tail width" elementType="F" group="U" />
		<row name="Highlighting_TextColor" description="The color of the diff viewer text." cssPropertyType="CL" id="56" title="Text Color" elementType="I" group="U" />
		<row name="Highlighting_InnerChangedBorderColor" description="The border color of the inner changed content." cssPropertyType="BRCL" id="57" title="Inner changed border color" elementType="I" group="U" />
		<row name="Phase_AnnotationNextTextColor" description="" cssPropertyType="CL" id="58" title="Annotation next text color" elementType="F" group="U" />
		<row name="Chat_OpenedDefectTextColor" description="The opened defect text color in the chat." cssPropertyType="CL" id="59" title="Opened defect text color" elementType="H" group="U" />
		<row name="Control_BackgroundColor" description="The background color of the control." cssPropertyType="BGCL" id="60" title="Normal background color" elementType="C" group="U" />
		<row name="Chat_OpenedDefectBorderColor" description="The opened defect form border color." cssPropertyType="BRCL" id="61" title="Opened defect form border color" elementType="H" group="U" />
		<row name="Phase_ReworkActiveTextColor" description="" cssPropertyType="CL" id="62" title="Rework active text color" elementType="F" group="U" />
		<row name="Section_BorderColor" description="The color of the section border." cssPropertyType="BRCL" id="63" title="Border color" elementType="S" group="U" />
		<row name="Phase_AnnotationPassedBackgroundColor" description="" cssPropertyType="BGCL" id="64" title="Annotation passed background color" elementType="F" group="U" />
		<row name="Toolbar_PagerToolbarFontSize" description="The size of the font used on the pager toolbar." cssPropertyType="FSZ" id="65" title="Pager toolbar font size" elementType="T" group="U" />
		<row name="Control_PressedBorderColor" description="" cssPropertyType="BRCL" id="66" title="Pressed (focused) border color" elementType="C" group="U" />
		<row name="Window_TextDescriptionColor" description="The color of the description text in the client area of the main window." cssPropertyType="CL" id="67" title="Text description color" elementType="W" group="U" />
		<row name="Dialog_TextColor" description="The color of the text in the client area of a popup dialog." cssPropertyType="CL" id="68" title="Dialog text color" elementType="W" group="U" />
		<row name="Chat_BalloonBorderColor" description="The border color of the balloon a chat." cssPropertyType="BRCL" id="69" title="Balloon border color" elementType="H" group="U" />
		<row name="Link_GridVisitedTextDecoration" description="Specifies the appearance of decorative lines used on the visited hyperlink in the Grid cells. " cssPropertyType="TXTD" id="70" title="Grid text decoration - visited" elementType="L" group="U" />
		<row name="Phase_ItemHeight" description="The height of the phase item." cssPropertyType="HGHT" id="71" title="Phase item height" elementType="F" group="U" />
		<row name="Button_PressedBorderColor" description="The border color of the pressed button." cssPropertyType="BRCL" id="72" title="Pressed border color" elementType="B" group="U" />
		<row name="Chat_BalloonUnreadBorderColor" description="The border color in the unread balloon a chat." cssPropertyType="BRCL" id="73" title="Balloon unread border color" elementType="H" group="U" />
		<row name="Link_DialogColor" description="The color of the hyperlink in the client area of a dialog." cssPropertyType="CL" id="74" title="Dialog color" elementType="L" group="U" />
		<row name="Link_GridHoverTransition" description="Specifies the transition properties for the hovered hyperlink in the Grid cells." cssPropertyType="TRNS" id="75" title="Grid transition - hover" elementType="L" group="U" />
		<row name="Toolbar_ReviewTitleFontSize" description="The size of the font used for the review title." cssPropertyType="FSZ" id="76" title="Review title font size" elementType="T" group="U" />
		<row name="Link_GridActiveTransition" description="Specifies the transition properties for the active hyperlink in the Grid cells." cssPropertyType="TRNS" id="77" title="Grid transition - active" elementType="L" group="U" />
		<row name="Button_BorderColor" description="The color of the button&apos;s border." cssPropertyType="BRCL" id="78" title="Enabled border color" elementType="B" group="U" />
		<row name="Dialog_ButtonsBackgroundColor" description="The background color in the buttons area of a popup dialog." cssPropertyType="BGCL" id="79" title="Dialog buttons area background color" elementType="W" group="U" />
		<row name="Link_ToolbarActiveColor" description="The color of the active hyperlink on the toolbar." cssPropertyType="CL" id="80" title="Toolbar color - active" elementType="L" group="U" />
		<row name="Phase_CompletedActiveBackgroundColor" description="" cssPropertyType="BGCL" id="81" title="Completed active background color" elementType="F" group="U" />
		<row name="Toolbar_BackgroundColor" description="The background color of the toolbar." cssPropertyType="BGCL" id="82" title="Toolbar background color" elementType="T" group="U" />
		<row name="Chat_FixedDefectBackgroundColor" description="The fixed defect form background color." cssPropertyType="BGCL" id="83" title="Fixed defect form background color" elementType="H" group="U" />
		<row name="Phase_PlanningPassedTextColor" description="" cssPropertyType="CL" id="84" title="Planning passed text color" elementType="F" group="U" />
		<row name="Toolbar_HighlightBackgroundColor" description="The color or background of the special highlighted element." cssPropertyType="BGCL" id="85" title="Highlighted background color" elementType="T" group="U" />
		<row name="Highlighting_InnerAddedBackgroundColor" description="The background color of the inner added content." cssPropertyType="BGCL" id="86" title="Inner added background color" elementType="I" group="U" />
		<row name="Phase_ReworkActiveBackgroundColor" description="" cssPropertyType="BGCL" id="87" title="Rework active background color" elementType="F" group="U" />
		<row name="Chat_OpenedDefectBackgroundColor" description="The opened defect form background color." cssPropertyType="BGCL" id="88" title="Opened defect form background color" elementType="H" group="U" />
		<row name="Tab_MouseOverTextColor" description="The color of the text of the hovered tab." cssPropertyType="CL" id="89" title="Tab hover text color" elementType="W" group="U" />
		<row name="Phase_PlanningPassedBackgroundColor" description="" cssPropertyType="BGCL" id="90" title="Planning passed background color" elementType="F" group="U" />
		<row name="Footer_BackgroundColor" description="Background color of the footer bar." cssPropertyType="BGCL" id="91" title="Footer background color" elementType="Y" group="U" />
		<row name="Control_MouseOverBackgroundColor" description="" cssPropertyType="BGCL" id="92" title="Hover background color" elementType="C" group="U" />
		<row name="Grid_EvenRowColor" description="" cssPropertyType="BGCL" id="93" title="Even row background color" elementType="G" group="U" />
		<row name="Phase_ArrowSpikeWidth" description="Length of the classic arrow spike or tail." cssPropertyType="WDTH" id="94" title="Phase item arrow spike or tail width" elementType="F" group="U" />
		<row name="Warning_BorderColor" description="Border color of the system wide and warning messages." cssPropertyType="BRCL" id="95" title="Warning block border color" elementType="Y" group="U" />
		<row name="Phase_PlanningActiveBackgroundColor" description="" cssPropertyType="BGCL" id="96" title="Planning active background color" elementType="F" group="U" />
		<row name="Link_GridHoverTextDecoration" description="Specifies the appearance of decorative lines used on the hovered hyperlink in the Grid cells. " cssPropertyType="TXTD" id="97" title="Grid text decoration - hover" elementType="L" group="U" />
		<row name="Phase_SignaturePassedTextColor" description="" cssPropertyType="CL" id="98" title="Signature passed text color" elementType="F" group="U" />
		<row name="Button_MouseOverBackgroundColor" description="The background color of the hovered button." cssPropertyType="BGCL" id="99" title="Hover background color" elementType="B" group="U" />
		<row name="Control_SelectionTextColor" description="Text color of the selected item in the list controls." cssPropertyType="CL" id="100" title="Selection text color" elementType="C" group="U" />
		<row name="Link_DialogActiveColor" description="The color of the active hyperlink in the client area of a dialog." cssPropertyType="CL" id="101" title="Dialog color - active" elementType="L" group="U" />
		<row name="Highlighting_CodeCommentTextColor" description="The text color of the comment." cssPropertyType="CL" id="102" title="Color of the comment" elementType="I" group="U" />
		<row name="Phase_ReworkPassedBackgroundColor" description="" cssPropertyType="BGCL" id="103" title="Rework passed background color" elementType="F" group="U" />
		<row name="Link_SectionHoverColor" description="The color of the hovered hyperlink in the client area of a section." cssPropertyType="CL" id="104" title="Section color - hover" elementType="L" group="U" />
		<row name="Control_PressedBackgroundColor" description="" cssPropertyType="BGCL" id="105" title="Pressed (focused) background color" elementType="C" group="U" />
		<row name="Chat_FixedDefectTextColor" description="The fixed defect text color in the chat." cssPropertyType="CL" id="106" title="Fixed defect text color" elementType="H" group="U" />
		<row name="Highlighting_BackgroundColor" description="The background color of the diff viewer." cssPropertyType="BGCL" id="107" title="Background color" elementType="I" group="U" />
		<row name="Highlighting_DeletedBorderColor" description="The border color of the deleted content." cssPropertyType="BRCL" id="108" title="Deleted border color" elementType="I" group="U" />
		<row name="Phase_ReworkAheadTextColor" description="" cssPropertyType="CL" id="109" title="Rework ahead text color" elementType="F" group="U" />
		<row name="Highlighting_ChangedBackgroundColor" description="The background color of the changed content." cssPropertyType="BGCL" id="110" title="Changed background color" elementType="I" group="U" />
		<row name="Link_WindowHoverColor" description="The color of the hovered hyperlink in the client area of a window." cssPropertyType="CL" id="111" title="Window color - hover" elementType="L" group="U" />
		<row name="Phase_InspectionPassedTextColor" description="" cssPropertyType="CL" id="112" title="Inspection passed text color" elementType="F" group="U" />
		<row name="Phase_CompletedNextTextColor" description="" cssPropertyType="CL" id="113" title="Completed next text color" elementType="F" group="U" />
		<row name="Highlighting_InnerAddedBorderColor" description="The border color of the inner added content." cssPropertyType="BRCL" id="114" title="Inner added border color" elementType="I" group="U" />
		<row name="Toolbar_ToggleButtonOpacity" description="Opacity for toolbar toggle button." cssPropertyType="OPTY" id="115" title="Toolbar toggle button opacity" elementType="Y" group="U" />
		<row name="Phase_AnnotationActiveBackgroundColor" description="" cssPropertyType="BGCL" id="116" title="Annotation active background color" elementType="F" group="U" />
		<row name="Highlighting_LineNumberBorderColor" description="The border color of the line number column." cssPropertyType="BRCL" id="117" title="Line number border color" elementType="I" group="U" />
		<row name="Chat_DeletedDefectTextColor" description="The deleted defect text color in the chat." cssPropertyType="CL" id="118" title="Deleted defect text color" elementType="H" group="U" />
		<row name="Phase_CompletedPassedBackgroundColor" description="" cssPropertyType="BGCL" id="119" title="Completed passed background color" elementType="F" group="U" />
		<row name="Toolbar_PopupTextColor" description="The text color of the menu item." cssPropertyType="CL" id="120" title="Dropdown menu items text color" elementType="T" group="U" />
		<row name="Footer_HoverTextColor" description="Color of the text under mouse on the footer bar." cssPropertyType="CL" id="121" title="Footer hovered text color" elementType="Y" group="U" />
		<row name="Highlighting_CodeFunctionTextColor" description="The text color of the function." cssPropertyType="CL" id="122" title="Color of the function" elementType="I" group="U" />
		<row name="Chat_BalloonTextColor" description="The text color of the balloon a chat." cssPropertyType="CL" id="123" title="Balloon text color" elementType="H" group="U" />
		<row name="Toolbar_PagerToolbarHeight" description="The desired height of the pager toolbar." cssPropertyType="HGHT" id="124" title="Pager toolbar height" elementType="T" group="U" />
		<row name="Section_BorderRadius" description="Section border radius." cssPropertyType="BRRD" id="125" title="Border radius" elementType="S" group="U" />
		<row name="Window_TextColor" description="The color of the text in the client area of the main window." cssPropertyType="CL" id="126" title="Text color" elementType="W" group="U" />
		<row name="Metrics_BorderColor" description="Border color of the metrics block on the Review General Info section." cssPropertyType="BRCL" id="127" title="Metrics block border color" elementType="Y" group="U" />
		<row name="Toolbar_PopupBackgroundColor" description="The background color of the popup menu or dropdown list." cssPropertyType="BGCL" id="128" title="Dropdown menu background color" elementType="T" group="U" />
		<row name="Link_WindowVisitedColor" description="The color of the visited hyperlink in the client area of a window." cssPropertyType="CL" id="129" title="Window color - visited" elementType="L" group="U" />
		<row name="Grid_TextColor" description="The color of the grid&apos;s text." cssPropertyType="CL" id="130" title="Text Color" elementType="G" group="U" />
		<row name="Section_HeaderBackgroundColor" description="The background color in the header a section." cssPropertyType="BGCL" id="131" title="Header background color" elementType="S" group="U" />
		<row name="Window_WorkspaceColor" description="The second background color - color of the workspace area." cssPropertyType="BGCL" id="132" title="Workspace color" elementType="W" group="U" />
		<row name="Link_SectionVisitedColor" description="The color of the visited hyperlink in the client area of a section." cssPropertyType="CL" id="133" title="Section color - visited" elementType="L" group="U" />
		<row name="Link_ToolbarColor" description="The color of the hyperlink on the toolbar." cssPropertyType="CL" id="134" title="Toolbar color" elementType="L" group="U" />
		<row name="Phase_InspectionNextBackgroundColor" description="" cssPropertyType="BGCL" id="135" title="Inspection next background color" elementType="F" group="U" />
		<row name="Button_TextColor" description="The color of the enabled button text." cssPropertyType="CL" id="136" title="Enabled text color" elementType="B" group="U" />
		<row name="Button_DisabledBorderColor" description="The color of the border of the disabled button." cssPropertyType="BRCL" id="137" title="Disabled border color" elementType="B" group="U" />
		<row name="Control_DisabledBorderColor" description="" cssPropertyType="BRCL" id="138" title="Disabled border color" elementType="C" group="U" />
		<row name="Dialog_ButtonsTextColor" description="The color of the text in the buttons area of a popup dialog." cssPropertyType="CL" id="139" title="Dialog buttons area text color" elementType="W" group="U" />
		<row name="Workspace_SidesMargin" description="Workspace left and right margin." cssPropertyType="MRGN" id="140" title="Workspace sides margin" elementType="Y" group="U" />
		<row name="Phase_TerminalActiveTextColor" description="" cssPropertyType="CL" id="141" title="Terminal active text color" elementType="F" group="U" />
		<row name="Toolbar_AltTextColor" description="The variation of the text color of the toolbar." cssPropertyType="CL" id="142" title="Toolbar alternative text color" elementType="T" group="U" />
		<row name="Toolbar_PagerToolbarItemGap" description="The space between pager toolbar items." cssPropertyType="MRGN" id="143" title="Pager toolbar item gap" elementType="T" group="U" />
		<row name="Link_ToolbarVisitedColor" description="The color of the visited hyperlink on the toolbar." cssPropertyType="CL" id="144" title="Toolbar color - visited" elementType="L" group="U" />
		<row name="Link_GridColor" description="The color of the hyperlink in the Grid cells." cssPropertyType="CL" id="145" title="Grid color" elementType="L" group="U" />
		<row name="Link_SectionColor" description="The color of the hyperlink in the client area of a section." cssPropertyType="CL" id="146" title="Section color" elementType="L" group="U" />
		<row name="Phase_InspectionActiveBackgroundColor" description="" cssPropertyType="BGCL" id="147" title="Inspection active background color" elementType="F" group="U" />
		<row name="Tab_BackgroundColor" description="The background color of the active tab." cssPropertyType="BGCL" id="148" title="Tab background color" elementType="W" group="U" />
		<row name="Tab_FrameColor" description="The color of the active tab&apos;s border." cssPropertyType="BRCL" id="149" title="Tab border color" elementType="W" group="U" />
		<row name="Button_DisabledTextColor" description="The color of the text of the disabled button." cssPropertyType="CL" id="150" title="Disabled text color" elementType="B" group="U" />
		<row name="Highlighting_InnerDeletedBackgroundColor" description="The background color of the inner deleted content." cssPropertyType="BGCL" id="151" title="Inner deleted background color" elementType="I" group="U" />
		<row name="Chat_AcceptedTextColor" description="The accepted text color in the chat." cssPropertyType="CL" id="152" title="Accepted text color" elementType="H" group="U" />
		<row name="Highlighting_SelectedLineOutlineColor" description="The color of the selected line outline." cssPropertyType="BRCL" id="153" title="Selected line outline color" elementType="I" group="U" />
		<row name="Tab_InactiveBackgroundColor" description="The background color of an inactive tab." cssPropertyType="BGCL" id="154" title="Tab inactive background color" elementType="W" group="U" />
		<row name="Phase_ReworkAheadBackgroundColor" description="" cssPropertyType="BGCL" id="155" title="Rework ahead background color" elementType="F" group="U" />
		<row name="Phase_TerminalActiveBackgroundColor" description="" cssPropertyType="BGCL" id="156" title="Terminal active background color" elementType="F" group="U" />
		<row name="Control_DisabledTextColor" description="" cssPropertyType="CL" id="157" title="Disabled text color" elementType="C" group="U" />
		<row name="Section_HeaderTextColor" description="The color of the text in the section&apos;s header." cssPropertyType="CL" id="158" title="Header text color" elementType="S" group="U" />
		<row name="Chat_ExternalDefectBackgroundColor" description="The external defect form background color." cssPropertyType="BGCL" id="159" title="External defect form background color" elementType="H" group="U" />
		<row name="Toolbar_PagerToolbarItemStrokeHeight" description="The height of the selected item&apos;s stroke on the pager toolbar." cssPropertyType="HGHT" id="160" title="Pager toolbar selected item stroke height" elementType="T" group="U" />
		<row name="Toolbar_ButtonMouseOverBorderColor" description="The border color of the toolbar button under mouse cursor." cssPropertyType="CL" id="161" title="Toolbar button hover border color" elementType="T" group="U" />
		<row name="Link_DialogVisitedColor" description="The color of the visited hyperlink in the client area of a dialog." cssPropertyType="CL" id="162" title="Dialog color - visited" elementType="L" group="U" />
		<row name="Link_GridHoverColor" description="The color of the hovered hyperlink in the Grid cells." cssPropertyType="CL" id="163" title="Grid color - hover" elementType="L" group="U" />
		<row name="Toolbar_ToggleButtonColor" description="Foreground color of toolbar toggle button." cssPropertyType="CL" id="164" title="Toolbar toggle button foreground color" elementType="Y" group="U" />
		<row name="Highlighting_MarginBackgroundColor" description="The background color of the margin column." cssPropertyType="BGCL" id="165" title="Margin background color" elementType="I" group="U" />
		<row name="Control_SelectionBackgroundColor" description="Background color of the selected item in the list controls." cssPropertyType="BGCL" id="166" title="Selection background color" elementType="C" group="U" />
		<row name="Chat_ExternalDefectTextColor" description="The external marked defect text color in the chat." cssPropertyType="CL" id="167" title="External defect text color" elementType="H" group="U" />
		<row name="Button_MouseOverBorderColor" description="The color of the border of the hovered button." cssPropertyType="BRCL" id="168" title="Hover border color" elementType="B" group="U" />
		<row name="Warning_TextColor" description="Text color of the system wide and warning messages." cssPropertyType="CL" id="169" title="Warning block text color" elementType="Y" group="U" />
		<row name="Toolbar_PopupSelectionTextColor" description="Text color of the selected item of the dropdown menu or popup." cssPropertyType="CL" id="170" title="Dropdown menu selection text color" elementType="T" group="U" />
		<row name="Toolbar_TextColor" description="The text color of the toolbar." cssPropertyType="CL" id="171" title="Toolbar text color" elementType="T" group="U" />
		<row name="Highlighting_CodeConstantTextColor" description="The text color of the constant." cssPropertyType="CL" id="172" title="Color of the constant" elementType="I" group="U" />
		<row name="Chat_SignedTextColor" description="The signed text color in the chat." cssPropertyType="CL" id="173" title="Signed text color" elementType="H" group="U" />
		<row name="Grid_BackgroundColor" description="The background color of the grid&apos;s free space." cssPropertyType="BGCL" id="174" title="Background color" elementType="G" group="U" />
		<row name="Button_DisabledBackgroundColor" description="The background color of the disabled button." cssPropertyType="BGCL" id="175" title="Disabled background color" elementType="B" group="U" />
		<row name="Phase_PlanningActiveTextColor" description="" cssPropertyType="CL" id="176" title="Planning active text color" elementType="F" group="U" />
		<row name="Phase_AnnotationActiveTextColor" description="" cssPropertyType="CL" id="177" title="Annotation active text color" elementType="F" group="U" />
		<row name="Link_WindowActiveColor" description="The color of the active hyperlink in the client area of a window." cssPropertyType="CL" id="178" title="Window color - active" elementType="L" group="U" />
		<row name="Chat_ExternalDefectBorderColor" description="The external defect form border color." cssPropertyType="BRCL" id="179" title="External defect form border color" elementType="H" group="U" />
		<row name="Chat_FixedDefectBorderColor" description="The fixed defect form border color." cssPropertyType="BRCL" id="180" title="Fixed defect form border color" elementType="H" group="U" />
		<row name="Control_MouseOverTextColor" description="" cssPropertyType="CL" id="181" title="Hover text color" elementType="C" group="U" />
		<row name="Chat_MovedTextColor" description="The moved text color in the chat." cssPropertyType="CL" id="182" title="Moved text color" elementType="H" group="U" />
		<row name="Chat_CheckedChecklistItemTextColor" description="The checked checklist item text color in the chat." cssPropertyType="CL" id="183" title="Checked checklist item text color" elementType="H" group="U" />
		<row name="Chat_UncheckedChecklistItemTextColor" description="The unchecked checklist item text color in the chat." cssPropertyType="CL" id="184" title="Unchecked checklist item text color" elementType="H" group="U" />
		<row name="Phase_ItemWidth" description="The width of the phase item." cssPropertyType="WDTH" id="185" title="Phase item width" elementType="F" group="U" />
		<row name="Highlighting_CodeFunctionFontWeight" description="The font weight of the function." cssPropertyType="FWHT" id="186" title="Font weight of the function" elementType="I" group="U" />
		<row name="Link_SectionActiveColor" description="The color of the active hyperlink in the client area of a section." cssPropertyType="CL" id="187" title="Section color - active" elementType="L" group="U" />
		<row name="Dialog_BackgroundColor" description="The background color in the client area of a popup dialog." cssPropertyType="BGCL" id="188" title="Dialog background color" elementType="W" group="U" />
		<row name="Link_GridTextDecoration" description="Specifies the appearance of decorative lines used on the hyperlink in the Grid cells. " cssPropertyType="TXTD" id="189" title="Grid text decoration" elementType="L" group="U" />
		<row name="Window_TextDescriptionFontSize" description="The font size of the description text in the client area of the main window." cssPropertyType="FSZ" id="190" title="Text description font size" elementType="W" group="U" />
		<row name="Control_DisabledBackgroundColor" description="The background color of the disabled control." cssPropertyType="BGCL" id="191" title="Disabled background color" elementType="C" group="U" />
		<row name="Highlighting_InnerBorderWidth" description="The border width of the inner changed content." cssPropertyType="WDTH" id="192" title="Inner change border width" elementType="I" group="U" />
		<row name="Highlighting_LineNumberBackgroundColor" description="The background color of the line number column." cssPropertyType="BGCL" id="193" title="Line number background color" elementType="I" group="U" />
		<row name="Highlighting_CodeKeywordTextColor" description="The text color of the keyword." cssPropertyType="CL" id="194" title="Color of the keyword" elementType="I" group="U" />
		<row name="Button_MouseOverTextColor" description="The color of the text of the hovered button." cssPropertyType="CL" id="195" title="Hover text color" elementType="B" group="U" />
		<row name="Phase_CompletedActiveTextColor" description="" cssPropertyType="CL" id="196" title="Completed active text color" elementType="F" group="U" />
		<row name="Control_PressedTextColor" description="" cssPropertyType="CL" id="197" title="Pressed (focused) text color" elementType="C" group="U" />
		<row name="Dialog_FrameColor" description="The color of a popup dialog&apos;s frame." cssPropertyType="BRCL" id="198" title="Dialog frame color" elementType="W" group="U" />
		<row name="Toolbar_HighlightTextColor" description="The text color of the special highlighted element." cssPropertyType="CL" id="199" title="Highlighted text color" elementType="T" group="U" />
		<row name="Toolbar_ButtonMouseOverTextColor" description="The text color of the toolbar button under mouse cursor." cssPropertyType="CL" id="200" title="Toolbar button hover text color" elementType="T" group="U" />
		<row name="Highlighting_ChangedBorderColor" description="The border color of the changed content." cssPropertyType="BRCL" id="201" title="Changed border color" elementType="I" group="U" />
		<row name="Highlighting_LineNumberTextColor" description="The text color of the line number column." cssPropertyType="CL" id="202" title="Line number text color" elementType="I" group="U" />
		<row name="Error_BorderColor" description="Border color of the system wide and error messages." cssPropertyType="BRCL" id="203" title="Error block border color" elementType="Y" group="U" />
		<row name="Chat_BalloonDisabledTextColor" description="The disabled text color of the balloon a chat." cssPropertyType="CL" id="204" title="Balloon disabled text color" elementType="H" group="U" />
		<row name="Chat_RemovedFileTextColor" description="The removed file text color in the chat." cssPropertyType="CL" id="205" title="Removed file text color" elementType="H" group="U" />
		<row name="Chat_DeclinedToSignTextColor" description="The declined to sign text color in the chat." cssPropertyType="CL" id="206" title="Declined to sign text color" elementType="H" group="U" />
		<row name="Link_GridTransition" description="Specifies the transition properties for the hyperlink in the Grid cells." cssPropertyType="TRNS" id="207" title="Grid transition" elementType="L" group="U" />
		<row name="Phase_ReworkPassedTextColor" description="" cssPropertyType="CL" id="208" title="Rework passed text color" elementType="F" group="U" />
		<row name="Link_WindowColor" description="The color of the hyperlink in the client area of a window." cssPropertyType="CL" id="209" title="Window color" elementType="L" group="U" />
		<row name="Highlighting_DeletedBackgroundColor" description="The background color of the deleted content." cssPropertyType="BGCL" id="210" title="Deleted background color" elementType="I" group="U" />
		<row name="Chat_BalloonUnreadTextColor" description="The text color in the unread balloon a chat." cssPropertyType="CL" id="211" title="Balloon unread text color" elementType="H" group="U" />
		<row name="Tab_InactiveFrameColor" description="The color of an inactive tab&apos;s border." cssPropertyType="BRCL" id="212" title="Tab inactive border color" elementType="W" group="U" />
		<row name="Phase_SignaturePassedBackgroundColor" description="" cssPropertyType="BGCL" id="213" title="Signature passed background color" elementType="F" group="U" />
		<row name="Window_WorkspaceTextColor" description="The color of the text in the workspace area of a window." cssPropertyType="CL" id="214" title="Workspace text color" elementType="W" group="U" />
		<row name="Phase_InspectionActiveTextColor" description="" cssPropertyType="CL" id="215" title="Inspection active text color" elementType="F" group="U" />
		<row name="Phase_SignatureActiveBackgroundColor" description="" cssPropertyType="BGCL" id="216" title="Signature active background color" elementType="F" group="U" />
		<row name="Phase_SignatureActiveTextColor" description="" cssPropertyType="CL" id="217" title="Signature active text color" elementType="F" group="U" />
		<row name="Toolbar_ActionToolbarFontSize" description="The size of the font used on the actions toolbar." cssPropertyType="FSZ" id="218" title="Actions toolbar font size" elementType="T" group="U" />
		<row name="Tab_TextColor" description="The color of the text of the active tab." cssPropertyType="CL" id="219" title="Tab text color" elementType="W" group="U" />
		<row name="Section_BackgroundColor" description="The color of the section&apos;s workspace area." cssPropertyType="BGCL" id="220" title="Background color" elementType="S" group="U" />
		<row name="Window_LoginPromptTextColor" description="The color of the login prompt text in the login page." cssPropertyType="CL" id="221" title="Login prompt text color" elementType="W" group="U" />
		<row name="Chat_CreatedDefectTextColor" description="The created defect text color in the chat." cssPropertyType="CL" id="222" title="Created defect text color" elementType="H" group="U" />
		<row name="Phase_AnnotationNextBackgroundColor" description="" cssPropertyType="BGCL" id="223" title="Annotation next background color" elementType="F" group="U" />
		<row name="Toolbar_ButtonMouseOverBackgroundColor" description="The background color of the toolbar button under mouse cursor." cssPropertyType="BGCL" id="224" title="Toolbar button hover background color" elementType="T" group="U" />
		<row name="Highlighting_AddedBorderColor" description="The border color of the added content." cssPropertyType="BRCL" id="225" title="Added border color" elementType="I" group="U" />
		<row name="Chat_NotExternalDefectTextColor" description="The not external marked defect text color in the chat." cssPropertyType="CL" id="226" title="Not external defect text color" elementType="H" group="U" />
		<row name="Link_ToolbarHoverColor" description="The color of the hovered hyperlink on the toolbar." cssPropertyType="CL" id="227" title="Toolbar color - hover" elementType="L" group="U" />
		<row name="Dialog_ButtonsHoverTextColor" description="The color of the hovered text (hyperlink) in the buttons area of a popup dialog." cssPropertyType="CL" id="228" title="Dialog buttons area hovered text (hyperlink) color" elementType="W" group="U" />
		<row name="Phase_CompletedAheadTextColor" description="" cssPropertyType="CL" id="229" title="Completed ahead text color" elementType="F" group="U" />
		<row name="Link_DialogHoverColor" description="The color of the hovered hyperlink in the client area of a dialog." cssPropertyType="CL" id="230" title="Dialog color - hover" elementType="L" group="U" />
		<row name="Control_BorderColor" description="" cssPropertyType="BRCL" id="231" title="Normal border color" elementType="C" group="U" />
		<row name="Phase_ReworkNextBackgroundColor" description="" cssPropertyType="BGCL" id="232" title="Rework next background color" elementType="F" group="U" />
		<row name="Link_GridActiveTextDecoration" description="Specifies the appearance of decorative lines used on the acrive hyperlink in the Grid cells. " cssPropertyType="TXTD" id="233" title="Grid text decoration - active" elementType="L" group="U" />
		<row name="Phase_SignatureAheadTextColor" description="" cssPropertyType="CL" id="234" title="Signature ahead text color" elementType="F" group="U" />
	</rows>
</table>