<?xml version="1.1"?>
<table name="com.smartbear.ccollab.datamodel.GroupAncestryData" nrows="24" ncols="3">
	<columns>
		<column name="id" type="int" />
		<column name="ancestorId" type="int" />
		<column name="descendantId" type="int" />
	</columns>
	<rows>
		<row id="1" ancestorId="1" descendantId="1" />
		<row id="2" ancestorId="2" descendantId="2" />
		<row id="4" ancestorId="4" descendantId="4" />
		<row id="5" ancestorId="5" descendantId="5" />
		<row id="7" ancestorId="7" descendantId="7" />
		<row id="8" ancestorId="8" descendantId="8" />
		<row id="9" ancestorId="9" descendantId="9" />
		<row id="10" ancestorId="10" descendantId="10" />
		<row id="11" ancestorId="11" descendantId="11" />
		<row id="12" ancestorId="12" descendantId="12" />
		<row id="13" ancestorId="13" descendantId="13" />
		<row id="14" ancestorId="14" descendantId="14" />
		<row id="15" ancestorId="15" descendantId="15" />
		<row id="16" ancestorId="16" descendantId="16" />
		<row id="17" ancestorId="17" descendantId="17" />
		<row id="18" ancestorId="18" descendantId="18" />
		<row id="20" ancestorId="18" descendantId="1" />
		<row id="21" ancestorId="8" descendantId="1" />
		<row id="22" ancestorId="19" descendantId="19" />
		<row id="23" ancestorId="20" descendantId="20" />
		<row id="25" ancestorId="7" descendantId="1" />
		<row id="26" ancestorId="21" descendantId="21" />
		<row id="27" ancestorId="22" descendantId="22" />
		<row id="28" ancestorId="23" descendantId="23" />
	</rows>
</table>