<?xml version="1.1"?>
<table name="com.smartbear.ccollab.datamodel.GroupAdminsData" nrows="80" ncols="3">
	<columns>
		<column name="adminUserId" type="int" />
		<column name="id" type="int" />
		<column name="groupId" type="int" />
	</columns>
	<rows>
		<row adminUserId="6" id="1" groupId="2" />
		<row adminUserId="11" id="2" groupId="2" />
		<row adminUserId="10" id="3" groupId="2" />
		<row adminUserId="7" id="4" groupId="2" />
		<row adminUserId="9" id="5" groupId="2" />
		<row adminUserId="7" id="7" groupId="4" />
		<row adminUserId="10" id="8" groupId="4" />
		<row adminUserId="8" id="9" groupId="4" />
		<row adminUserId="11" id="10" groupId="4" />
		<row adminUserId="9" id="11" groupId="4" />
		<row adminUserId="10" id="12" groupId="5" />
		<row adminUserId="7" id="13" groupId="5" />
		<row adminUserId="11" id="14" groupId="5" />
		<row adminUserId="8" id="15" groupId="5" />
		<row adminUserId="9" id="16" groupId="5" />
		<row adminUserId="10" id="17" groupId="7" />
		<row adminUserId="7" id="18" groupId="7" />
		<row adminUserId="8" id="19" groupId="7" />
		<row adminUserId="11" id="20" groupId="7" />
		<row adminUserId="9" id="21" groupId="7" />
		<row adminUserId="7" id="22" groupId="8" />
		<row adminUserId="10" id="23" groupId="8" />
		<row adminUserId="8" id="24" groupId="8" />
		<row adminUserId="11" id="25" groupId="8" />
		<row adminUserId="9" id="26" groupId="8" />
		<row adminUserId="7" id="27" groupId="9" />
		<row adminUserId="10" id="28" groupId="9" />
		<row adminUserId="8" id="29" groupId="9" />
		<row adminUserId="11" id="30" groupId="9" />
		<row adminUserId="9" id="31" groupId="9" />
		<row adminUserId="7" id="32" groupId="10" />
		<row adminUserId="10" id="33" groupId="10" />
		<row adminUserId="8" id="34" groupId="10" />
		<row adminUserId="11" id="35" groupId="10" />
		<row adminUserId="9" id="36" groupId="10" />
		<row adminUserId="7" id="37" groupId="11" />
		<row adminUserId="10" id="38" groupId="11" />
		<row adminUserId="8" id="39" groupId="11" />
		<row adminUserId="11" id="40" groupId="11" />
		<row adminUserId="9" id="41" groupId="11" />
		<row adminUserId="7" id="42" groupId="12" />
		<row adminUserId="10" id="43" groupId="12" />
		<row adminUserId="8" id="44" groupId="12" />
		<row adminUserId="11" id="45" groupId="12" />
		<row adminUserId="9" id="46" groupId="12" />
		<row adminUserId="7" id="47" groupId="13" />
		<row adminUserId="10" id="48" groupId="13" />
		<row adminUserId="8" id="49" groupId="13" />
		<row adminUserId="11" id="50" groupId="13" />
		<row adminUserId="9" id="51" groupId="13" />
		<row adminUserId="7" id="52" groupId="14" />
		<row adminUserId="10" id="53" groupId="14" />
		<row adminUserId="8" id="54" groupId="14" />
		<row adminUserId="11" id="55" groupId="14" />
		<row adminUserId="9" id="56" groupId="14" />
		<row adminUserId="7" id="57" groupId="16" />
		<row adminUserId="10" id="58" groupId="16" />
		<row adminUserId="8" id="59" groupId="16" />
		<row adminUserId="11" id="60" groupId="16" />
		<row adminUserId="9" id="61" groupId="16" />
		<row adminUserId="9" id="62" groupId="19" />
		<row adminUserId="11" id="63" groupId="19" />
		<row adminUserId="10" id="64" groupId="19" />
		<row adminUserId="8" id="65" groupId="19" />
		<row adminUserId="19" id="66" groupId="19" />
		<row adminUserId="19" id="67" groupId="20" />
		<row adminUserId="7" id="68" groupId="20" />
		<row adminUserId="9" id="69" groupId="20" />
		<row adminUserId="10" id="70" groupId="20" />
		<row adminUserId="11" id="71" groupId="20" />
		<row adminUserId="6" id="72" groupId="20" />
		<row adminUserId="11" id="75" groupId="21" />
		<row adminUserId="9" id="76" groupId="21" />
		<row adminUserId="7" id="77" groupId="15" />
		<row adminUserId="491" id="78" groupId="14" />
		<row adminUserId="4" id="82" groupId="2" />
		<row adminUserId="11" id="83" groupId="23" />
		<row adminUserId="7" id="84" groupId="23" />
		<row adminUserId="9" id="85" groupId="23" />
		<row adminUserId="10" id="86" groupId="23" />
	</rows>
</table>