<?xml version="1.1"?>
<table name="com.smartbear.ccollab.datamodel.ReportCategoryData" nrows="4" ncols="4">
	<columns>
		<column name="description" type="string" />
		<column name="id" type="int" />
		<column name="title" type="string" />
		<column name="order" type="int" />
	</columns>
	<rows>
		<row description="Lists of key items" id="1" title="Lists" order="1" />
		<row description="Detailed information about particular reviews" id="2" title="Detailed Reports" order="2" />
		<row description="Reports about defect metrics" id="3" title="Defects" order="3" />
		<row description="Overall review metrics" id="4" title="Metrics" order="4" />
	</rows>
</table>