<?xml version="1.1"?>
<table name="com.smartbear.ccollab.datamodel.LicenseCountReachedData" nrows="72" ncols="3">
	<columns>
		<column name="id" type="int" />
		<column name="userId" type="int" />
		<column name="actionDate" type="date" />
	</columns>
	<rows>
		<row id="1" userId="179" actionDate="2022-01-26T17:32:10UTC" />
		<row id="2" userId="179" actionDate="2022-01-26T17:32:50UTC" />
		<row id="3" userId="202" actionDate="2022-02-08T20:07:17UTC" />
		<row id="4" userId="202" actionDate="2022-02-08T20:08:17UTC" />
		<row id="5" userId="202" actionDate="2022-02-08T20:09:41UTC" />
		<row id="6" userId="202" actionDate="2022-02-08T20:12:50UTC" />
		<row id="7" userId="11" actionDate="2022-02-08T20:21:02UTC" />
		<row id="8" userId="107" actionDate="2022-02-08T20:35:14UTC" />
		<row id="9" userId="107" actionDate="2022-02-08T20:35:21UTC" />
		<row id="10" userId="107" actionDate="2022-02-08T20:35:39UTC" />
		<row id="11" userId="151" actionDate="2022-04-11T17:44:23UTC" />
		<row id="12" userId="162" actionDate="2022-05-23T18:54:58UTC" />
		<row id="13" userId="196" actionDate="2022-06-29T18:29:09UTC" />
		<row id="14" userId="196" actionDate="2022-06-29T18:29:31UTC" />
		<row id="15" userId="196" actionDate="2022-06-29T18:30:08UTC" />
		<row id="16" userId="111" actionDate="2022-06-29T18:33:28UTC" />
		<row id="17" userId="76" actionDate="2022-07-19T18:05:54UTC" />
		<row id="18" userId="76" actionDate="2022-07-19T18:06:09UTC" />
		<row id="19" userId="76" actionDate="2022-07-19T18:11:24UTC" />
		<row id="20" userId="76" actionDate="2022-07-19T18:15:29UTC" />
		<row id="21" userId="130" actionDate="2022-07-19T18:48:02UTC" />
		<row id="22" userId="298" actionDate="2022-07-19T18:48:31UTC" />
		<row id="23" userId="298" actionDate="2022-07-19T18:48:41UTC" />
		<row id="24" userId="298" actionDate="2022-07-19T18:49:29UTC" />
		<row id="25" userId="7" actionDate="2022-07-19T18:49:47UTC" />
		<row id="26" userId="7" actionDate="2022-07-19T18:49:54UTC" />
		<row id="27" userId="130" actionDate="2022-07-19T18:50:17UTC" />
		<row id="28" userId="156" actionDate="2022-07-25T18:30:21UTC" />
		<row id="29" userId="156" actionDate="2022-07-25T18:30:42UTC" />
		<row id="30" userId="156" actionDate="2022-07-25T18:31:05UTC" />
		<row id="31" userId="6" actionDate="2022-07-25T19:58:48UTC" />
		<row id="32" userId="6" actionDate="2022-07-25T19:58:59UTC" />
		<row id="33" userId="6" actionDate="2022-07-25T20:00:44UTC" />
		<row id="34" userId="6" actionDate="2022-07-25T20:08:39UTC" />
		<row id="35" userId="6" actionDate="2022-07-25T20:11:01UTC" />
		<row id="36" userId="6" actionDate="2022-07-25T20:16:23UTC" />
		<row id="37" userId="6" actionDate="2022-07-25T20:16:36UTC" />
		<row id="38" userId="6" actionDate="2022-07-25T20:22:35UTC" />
		<row id="39" userId="6" actionDate="2022-07-25T20:22:40UTC" />
		<row id="40" userId="6" actionDate="2022-07-25T20:24:04UTC" />
		<row id="41" userId="6" actionDate="2022-07-25T20:24:13UTC" />
		<row id="42" userId="6" actionDate="2022-07-25T20:24:42UTC" />
		<row id="43" userId="6" actionDate="2022-07-25T20:28:58UTC" />
		<row id="44" userId="6" actionDate="2022-07-25T20:30:41UTC" />
		<row id="45" userId="76" actionDate="2022-07-25T20:32:10UTC" />
		<row id="46" userId="76" actionDate="2022-07-25T20:32:21UTC" />
		<row id="47" userId="100" actionDate="2022-07-25T20:46:17UTC" />
		<row id="48" userId="100" actionDate="2022-07-25T20:46:42UTC" />
		<row id="49" userId="99" actionDate="2022-08-08T21:37:15UTC" />
		<row id="50" userId="99" actionDate="2022-08-08T21:37:20UTC" />
		<row id="51" userId="121" actionDate="2022-08-08T21:40:19UTC" />
		<row id="52" userId="121" actionDate="2022-08-08T21:40:40UTC" />
		<row id="53" userId="121" actionDate="2022-08-08T21:40:55UTC" />
		<row id="54" userId="99" actionDate="2022-08-08T21:42:39UTC" />
		<row id="55" userId="121" actionDate="2022-08-08T21:43:56UTC" />
		<row id="56" userId="121" actionDate="2022-08-08T21:44:11UTC" />
		<row id="57" userId="99" actionDate="2022-08-08T21:50:09UTC" />
		<row id="58" userId="99" actionDate="2022-08-08T21:57:42UTC" />
		<row id="59" userId="99" actionDate="2022-08-08T22:09:27UTC" />
		<row id="60" userId="174" actionDate="2022-08-09T17:45:30UTC" />
		<row id="61" userId="172" actionDate="2022-08-09T17:46:59UTC" />
		<row id="62" userId="174" actionDate="2022-08-09T17:47:10UTC" />
		<row id="63" userId="174" actionDate="2022-08-09T17:47:16UTC" />
		<row id="64" userId="174" actionDate="2022-08-09T17:47:22UTC" />
		<row id="65" userId="174" actionDate="2022-08-09T17:47:46UTC" />
		<row id="66" userId="172" actionDate="2022-08-09T17:47:47UTC" />
		<row id="67" userId="174" actionDate="2022-08-09T17:47:54UTC" />
		<row id="68" userId="105" actionDate="2022-08-09T17:48:47UTC" />
		<row id="69" userId="66" actionDate="2022-08-15T18:00:52UTC" />
		<row id="70" userId="66" actionDate="2022-08-15T18:00:57UTC" />
		<row id="71" userId="66" actionDate="2022-08-15T18:01:11UTC" />
		<row id="72" userId="184" actionDate="2022-08-15T18:07:13UTC" />
	</rows>
</table>