<?xml version="1.1"?>
<table name="com.smartbear.ccollab.datamodel.ReportFilterData" nrows="4" ncols="6">
	<columns>
		<column name="defaultValue" type="string" />
		<column name="className" type="string" />
		<column name="parameterName" type="string" />
		<column name="id" type="int" />
		<column name="reportTemplateId" type="int" />
		<column name="title" type="string" />
	</columns>
	<rows>
		<row defaultValue="" className="com.smartbear.ccollab.report.FilterLike" parameterName="UserLogin" id="1" reportTemplateId="1" title="User Login" />
		<row defaultValue="" className="com.smartbear.ccollab.report.FilterLike" parameterName="UserFullname" id="2" reportTemplateId="1" title="User Full Name" />
		<row defaultValue="" className="com.smartbear.ccollab.report.FilterLike" parameterName="ChangelistAuthor" id="3" reportTemplateId="2" title="Change List Author" />
		<row defaultValue="0" className="com.smartbear.ccollab.report.FilterInteger" parameterName="ChangelistId" id="4" reportTemplateId="2" title="Changelist ID" />
	</rows>
</table>