<?xml version="1.1"?>
<table name="com.smartbear.ccollab.datamodel.UserVersionActionData" nrows="3" ncols="5">
	<columns>
		<column name="versionId" type="int" />
		<column name="id" type="int" />
		<column name="userId" type="int" />
		<column name="actionDate" type="date" />
		<column name="reviewId" type="int" />
	</columns>
	<rows>
		<row versionId="21664" id="84473" userId="4" actionDate="2024-03-05T04:04:15UTC" reviewId="1023" />
		<row versionId="21664" id="84474" userId="4" actionDate="2024-03-05T04:05:21UTC" reviewId="1023" />
		<row versionId="21664" id="84475" userId="4" actionDate="2024-03-05T04:06:13UTC" reviewId="1023" />
	</rows>
</table>