<?xml version="1.1"?>
<table name="com.smartbear.ccollab.datamodel.MetaDataValueStringData" nrows="70" ncols="5">
	<columns>
		<column name="targetId" type="int" />
		<column name="id" type="int" />
		<column name="userId" type="int" />
		<column name="value" type="string" />
		<column name="fieldId" type="int" />
	</columns>
	<rows>
		<row targetId="0" id="1" userId="0" value="3956c4284d99c66e6bf744819235f0b8" fieldId="96" />
		<row targetId="0" id="2" userId="0" value="http://codecollaborator.smartbear.com/news/rss.php" fieldId="111" />
		<row targetId="0" id="3" userId="0" value="3200.0" fieldId="123" />
		<row targetId="0" id="4" userId="0" value="200.0" fieldId="122" />
		<row targetId="0" id="5" userId="0" value="25.0" fieldId="121" />
		<row targetId="0" id="6" userId="0" value="50.0" fieldId="119" />
		<row targetId="0" id="7" userId="0" value="0.75" fieldId="118" />
		<row targetId="0" id="8" userId="0" value="America/Chicago" fieldId="149" />
		<row targetId="0" id="9" userId="0" value="D" fieldId="160" />
		<row targetId="0" id="10" userId="0" value="yyyy-MM-dd" fieldId="163" />
		<row targetId="0" id="11" userId="0" value="" fieldId="165" />
		<row targetId="0" id="12" userId="0" value="HH:mm" fieldId="164" />
		<row targetId="0" id="13" userId="0" value="" fieldId="173" />
		<row targetId="0" id="14" userId="0" value="" fieldId="174" />
		<row targetId="0" id="15" userId="0" value="sd" fieldId="45" />
		<row targetId="0" id="16" userId="0" value="87997e4d62339a40dc019033d1cc4837" fieldId="94" />
		<row targetId="0" id="17" userId="0" value="Started at: Mon Mar 04 22:47:55 CST 2024&#10;Accessed via: https://srdeneng05.ud4.uf4:27003&#10;Running version: 14.5.14502&#10;IP Address(es):&#10;10.110.12.197&#10;10.110.20.53&#10;fe80:0:0:0:0:5efe:a6e:1435%net6&#10;fe80:0:0:0:0:5efe:a6e:cc5%net0&#10;0:0:0:0:0:0:0:1&#10;127.0.0.1&#10;" fieldId="95" />
		<row targetId="0" id="18" userId="0" value="" fieldId="66" />
		<row targetId="0" id="19" userId="0" value="" fieldId="66" />
		<row targetId="0" id="20" userId="0" value="" fieldId="69" />
		<row targetId="0" id="21" userId="0" value="" fieldId="69" />
		<row targetId="0" id="22" userId="0" value="1614124800" fieldId="71" />
		<row targetId="0" id="23" userId="0" value="4102358400" fieldId="71" />
		<row targetId="0" id="24" userId="0" value="MDM*00157835" fieldId="70" />
		<row targetId="0" id="25" userId="0" value="MDM*00157835" fieldId="70" />
		<row targetId="0" id="26" userId="0" value="" fieldId="67" />
		<row targetId="0" id="27" userId="0" value="" fieldId="67" />
		<row targetId="0" id="28" userId="0" value="" fieldId="68" />
		<row targetId="0" id="29" userId="0" value="" fieldId="68" />
		<row targetId="0" id="30" userId="0" value="v4" fieldId="72" />
		<row targetId="0" id="31" userId="0" value="v4" fieldId="72" />
		<row targetId="0" id="32" userId="0" value="enterprise" fieldId="74" />
		<row targetId="0" id="33" userId="0" value="enterprise" fieldId="74" />
		<row targetId="0" id="34" userId="0" value="https://srdeneng05.ud4.uf4:27003" fieldId="2" />
		<row targetId="0" id="36" userId="0" value="{displayName}" fieldId="134" />
		<row targetId="0" id="37" userId="0" value="{givenName}" fieldId="135" />
		<row targetId="0" id="38" userId="0" value="{sn}" fieldId="136" />
		<row targetId="0" id="39" userId="0" value="{telephoneNumber} mobile: {mobile}" fieldId="137" />
		<row targetId="0" id="40" userId="0" value="{company} {department}" fieldId="138" />
		<row targetId="0" id="41" userId="0" value="{mail}" fieldId="139" />
		<row targetId="0" id="42" userId="0" value=".*" fieldId="145" />
		<row targetId="0" id="43" userId="0" value="collab@safrangroup.us" fieldId="40" />
		<row targetId="0" id="44" userId="0" value="[Collaborator]" fieldId="41" />
		<row targetId="0" id="45" userId="0" value="support@smartbear.com" fieldId="42" />
		<row targetId="0" id="46" userId="0" value="" fieldId="44" />
		<row targetId="0" id="47" userId="0" value="10.250.32.81" fieldId="58" />
		<row targetId="0" id="48" userId="0" value="" fieldId="60" />
		<row targetId="0" id="49" userId="0" value="#Sat Dec 16 13:49:30 CST 2023&#13;&#10;svnexe=C\:\\Program Files\\TortoiseSVN\\bin\\svn.exe&#13;&#10;svnlookexe=C\:\\Program Files\\TortoiseSVN\\bin\\svnlook&#13;&#10;svn-passwd-secure-utf8=490b2ff693487e44032ee5a8df9ea753&#13;&#10;svnuser=&#13;&#10;" fieldId="189" />
		<row targetId="0" id="66" userId="0" value="" fieldId="77" />
		<row targetId="0" id="67" userId="0" value="finding" fieldId="88" />
		<row targetId="0" id="68" userId="0" value="findings" fieldId="89" />
		<row targetId="0" id="69" userId="0" value="Group:" fieldId="90" />
		<row targetId="0" id="70" userId="0" value="Groups:" fieldId="91" />
		<row targetId="0" id="71" userId="0" value="8168CA30D84D40C5B1A84298E0A30A72" fieldId="143" />
		<row targetId="0" id="72" userId="0" value="ADMINISTRATOR" fieldId="26" />
		<row targetId="0" id="73" userId="0" value="DISABLED" fieldId="28" />
		<row targetId="0" id="74" userId="0" value="" fieldId="27" />
		<row targetId="0" id="75" userId="0" value=".*" fieldId="17" />
		<row targetId="0" id="76" userId="0" value="ANYONE" fieldId="29" />
		<row targetId="0" id="77" userId="0" value="Sign this Review" fieldId="48" />
		<row targetId="0" id="78" userId="0" value="Decline this Review" fieldId="49" />
		<row targetId="0" id="80" userId="0" value="List of reasons to choose from when rejecting a review. Leave this list empty if providing a reason is not required." fieldId="85" />
		<row targetId="0" id="81" userId="0" value="AUTHORS" fieldId="126" />
		<row targetId="0" id="82" userId="0" value="ANYTIME" fieldId="127" />
		<row targetId="0" id="83" userId="0" value="" fieldId="230" />
		<row targetId="0" id="84" userId="0" value="" fieldId="231" />
		<row targetId="0" id="989" userId="0" value="AR" fieldId="47" />
		<row targetId="0" id="992" userId="0" value="" fieldId="255" />
		<row targetId="4" id="35" userId="0" value="America/Chicago" fieldId="149" />
		<row targetId="1023" id="1305" userId="0" value="" fieldId="230" />
	</rows>
</table>