<?xml version="1.1"?>
<table name="com.smartbear.ccollab.datamodel.RemoteSystemReviewTemplateRelationData" nrows="25" ncols="5">
	<columns>
		<column name="reviewTemplateId" type="int" />
		<column name="autoCreateDefect" type="char" />
		<column name="id" type="int" />
		<column name="defaultProject" type="string" />
		<column name="remoteSystemId" type="int" />
	</columns>
	<rows>
		<row reviewTemplateId="5" autoCreateDefect="N" id="1" defaultProject="E2DHITS" remoteSystemId="2" />
		<row reviewTemplateId="6" autoCreateDefect="N" id="2" defaultProject="E2DHITS" remoteSystemId="2" />
		<row reviewTemplateId="7" autoCreateDefect="N" id="3" defaultProject="E2DHITS" remoteSystemId="2" />
		<row reviewTemplateId="8" autoCreateDefect="N" id="4" defaultProject="E2DHITS" remoteSystemId="2" />
		<row reviewTemplateId="9" autoCreateDefect="N" id="5" defaultProject="E2DHITS" remoteSystemId="2" />
		<row reviewTemplateId="10" autoCreateDefect="N" id="6" defaultProject="E2DHITS" remoteSystemId="2" />
		<row reviewTemplateId="11" autoCreateDefect="N" id="7" defaultProject="E2DHITS" remoteSystemId="2" />
		<row reviewTemplateId="12" autoCreateDefect="N" id="8" defaultProject="E2DHITS" remoteSystemId="2" />
		<row reviewTemplateId="13" autoCreateDefect="N" id="9" defaultProject="E2DHITS" remoteSystemId="2" />
		<row reviewTemplateId="14" autoCreateDefect="N" id="10" defaultProject="E2DHITS" remoteSystemId="2" />
		<row reviewTemplateId="15" autoCreateDefect="N" id="11" defaultProject="E2DHITS" remoteSystemId="2" />
		<row reviewTemplateId="16" autoCreateDefect="N" id="12" defaultProject="E2DHITS" remoteSystemId="2" />
		<row reviewTemplateId="17" autoCreateDefect="N" id="13" defaultProject="E2DHITS" remoteSystemId="2" />
		<row reviewTemplateId="18" autoCreateDefect="N" id="14" defaultProject="E2DHITS" remoteSystemId="2" />
		<row reviewTemplateId="19" autoCreateDefect="N" id="15" defaultProject="E2DHITS" remoteSystemId="2" />
		<row reviewTemplateId="20" autoCreateDefect="N" id="16" defaultProject="E2DHITS" remoteSystemId="2" />
		<row reviewTemplateId="21" autoCreateDefect="N" id="17" defaultProject="E2DHITS" remoteSystemId="2" />
		<row reviewTemplateId="22" autoCreateDefect="N" id="18" defaultProject="E2DHITS" remoteSystemId="2" />
		<row reviewTemplateId="23" autoCreateDefect="N" id="19" defaultProject="E2DHITS" remoteSystemId="2" />
		<row reviewTemplateId="24" autoCreateDefect="N" id="20" defaultProject="E2DHITS" remoteSystemId="2" />
		<row reviewTemplateId="25" autoCreateDefect="N" id="21" defaultProject="E2DHITS" remoteSystemId="2" />
		<row reviewTemplateId="26" autoCreateDefect="N" id="22" defaultProject="E2DHITS" remoteSystemId="2" />
		<row reviewTemplateId="27" autoCreateDefect="N" id="23" defaultProject="E2DHITS" remoteSystemId="2" />
		<row reviewTemplateId="28" autoCreateDefect="N" id="24" defaultProject="E2DHITS" remoteSystemId="2" />
		<row reviewTemplateId="29" autoCreateDefect="N" id="25" defaultProject="E2DHITS" remoteSystemId="2" />
	</rows>
</table>