<?xml version="1.1"?>
<table name="com.smartbear.ccollab.datamodel.ScmConfigData" nrows="20" ncols="11">
	<columns>
		<column name="attachFromServer" type="char" />
		<column name="scmPatternB" type="string" />
		<column name="scmPatternA" type="string" />
		<column name="title" type="string" />
		<column name="scmPatternD" type="string" />
		<column name="scmPatternC" type="string" />
		<column name="provider" type="string" />
		<column name="scmPatternE" type="string" />
		<column name="enforceAccessPerm" type="char" />
		<column name="id" type="int" />
		<column name="config" type="string" />
	</columns>
	<rows>
		<row attachFromServer="N" scmPatternB="" scmPatternA="" title="Untitled Subversion Configuration" scmPatternD="" scmPatternC="" provider="subversion" scmPatternE="" enforceAccessPerm="N" id="1" config="#Thu Jun 03 11:26:55 CDT 2021&#13;&#10;globalprovider=subversion&#13;&#10;scm=subversion&#13;&#10;svnuser=FKT304738&#13;&#10;svnlookexe=C\:\\Program Files\\TortoiseSVN\\bin\\svnlook&#13;&#10;svn-passwd-secure-utf8=51fbaacf4e59d51ecad58b771adbf0bc2de241dd8cd80c9be1a7854f6fd0ce69&#13;&#10;svnexe=C\:\\Program Files\\TortoiseSVN\\bin\\svn.exe&#13;&#10;" />
		<row attachFromServer="Y" scmPatternB="" scmPatternA="" title="http://srdeneng05.ud4.uf4/svn/eval_g650_hsts_design_master/" scmPatternD="" scmPatternC="" provider="subversion" scmPatternE="" enforceAccessPerm="N" id="2" config="#Thu Jun 10 10:32:05 CDT 2021&#13;&#10;svnuser=&#13;&#10;repo=http\://srdeneng05.ud4.uf4/svn/eval_g650_hsts_design_master/&#13;&#10;svn-passwd-secure-utf8=490b2ff693487e44032ee5a8df9ea753&#13;&#10;svnlookexe=C\:\\Program Files\\TortoiseSVN\\bin\\svnlook&#13;&#10;svnrepourl=http\://srdeneng05.ud4.uf4/svn/eval_g650_hsts_design_master/&#13;&#10;svnexe=C\:\\Program Files\\TortoiseSVN\\bin\\svn.exe&#13;&#10;" />
		<row attachFromServer="N" scmPatternB="" scmPatternA="" title="Untitled Subversion Configuration" scmPatternD="" scmPatternC="" provider="subversion" scmPatternE="" enforceAccessPerm="N" id="3" config="#Thu Jun 03 18:35:10 CDT 2021&#13;&#10;svnuser=&#13;&#10;repo=https\://svn-seda.sds.safran/repository/testrepo/&#13;&#10;svnlookexe=C\:\\Program Files\\TortoiseSVN\\bin\\svnlook&#13;&#10;svn-passwd-secure-utf8=490b2ff693487e44032ee5a8df9ea753&#13;&#10;svnrepourl=https\://svn-seda.sds.safran/repository/testrepo/&#13;&#10;svnexe=C\:\\Program Files\\TortoiseSVN\\bin\\svn.exe&#13;&#10;" />
		<row attachFromServer="N" scmPatternB="ff14a4fb-fe91-e542-8060-7ff59cefdc9f" scmPatternA="" title="https://svn-seda.sds.safran/repository/testrepo" scmPatternD="" scmPatternC="" provider="subversion" scmPatternE="" enforceAccessPerm="N" id="5" config="#Sat Dec 16 13:55:50 CST 2023&#13;&#10;repo=https\://svn-seda.sds.safran/repository/testrepo&#13;&#10;svnexe=C\:\\Program Files\\TortoiseSVN\\bin\\svn.exe&#13;&#10;svnrepourl=https\://svn-seda.sds.safran/repository/testrepo&#13;&#10;svnlookexe=C\:\\Program Files\\TortoiseSVN\\bin\\svnlook&#13;&#10;svn-passwd-secure-utf8=ebca6cd502a10b6c6d9993d231bca2c6&#13;&#10;svnuser=FKT304738&#13;&#10;" />
		<row attachFromServer="N" scmPatternB="\Q2059f74f-758c-6649-b5d2-60c61cfdcd39\E" scmPatternA="" title="http://srdeneng05.ud4.uf4/svn/eval_g650_hsts_design_master" scmPatternD="" scmPatternC="" provider="subversion" scmPatternE="" enforceAccessPerm="N" id="6" config="#Thu Jun 10 10:43:22 CDT 2021&#13;&#10;scm=subversion&#13;&#10;globalprovider=subversion&#13;&#10;svnuser=&#13;&#10;repo=http\://srdeneng05.ud4.uf4/svn/eval_g650_hsts_design_master&#13;&#10;svn-passwd-secure-utf8=490b2ff693487e44032ee5a8df9ea753&#13;&#10;svnlookexe=C\:\\Program Files\\TortoiseSVN\\bin\\svnlook&#13;&#10;svnrepourl=http\://srdeneng05.ud4.uf4/svn/eval_g650_hsts_design_master&#13;&#10;svnexe=C\:\\Program Files\\TortoiseSVN\\bin\\svn.exe&#13;&#10;" />
		<row attachFromServer="N" scmPatternB="\Q91566a6b-bdb0-6744-ab45-f86be0f28793\E" scmPatternA="" title="https://svn-seda.sds.safran/repository/sustaining_actuation" scmPatternD="" scmPatternC="" provider="subversion" scmPatternE="" enforceAccessPerm="N" id="7" config="#Tue Jul 27 16:33:12 CDT 2021&#13;&#10;scm=subversion&#13;&#10;globalprovider=subversion&#13;&#10;svnuser=&#13;&#10;repo=https\://svn-seda.sds.safran/repository/sustaining_actuation&#13;&#10;svn-passwd-secure-utf8=490b2ff693487e44032ee5a8df9ea753&#13;&#10;svnlookexe=C\:\\Program Files\\TortoiseSVN\\bin\\svnlook&#13;&#10;svnrepourl=https\://svn-seda.sds.safran/repository/sustaining_actuation&#13;&#10;svnexe=C\:\\Program Files\\TortoiseSVN\\bin\\svn.exe&#13;&#10;" />
		<row attachFromServer="N" scmPatternB="\Qed5439fe-821b-7540-9833-2b090401b0d0\E" scmPatternA="" title="https://svn-seda.sds.safran/repository/_external" scmPatternD="" scmPatternC="" provider="subversion" scmPatternE="" enforceAccessPerm="N" id="8" config="#Wed Jul 28 13:01:45 CDT 2021&#13;&#10;scm=subversion&#13;&#10;globalprovider=subversion&#13;&#10;svnuser=&#13;&#10;repo=https\://svn-seda.sds.safran/repository/_external&#13;&#10;svn-passwd-secure-utf8=490b2ff693487e44032ee5a8df9ea753&#13;&#10;svnlookexe=C\:\\Program Files\\TortoiseSVN\\bin\\svnlook&#13;&#10;svnrepourl=https\://svn-seda.sds.safran/repository/_external&#13;&#10;svnexe=C\:\\Program Files\\TortoiseSVN\\bin\\svn.exe&#13;&#10;" />
		<row attachFromServer="N" scmPatternB="\Qc079e302-19e6-0d46-b0e0-a585f91feb73\E" scmPatternA="" title="https://svn-seda.sds.safran/repository/process" scmPatternD="" scmPatternC="" provider="subversion" scmPatternE="" enforceAccessPerm="N" id="9" config="#Wed Jul 28 13:18:13 CDT 2021&#13;&#10;scm=subversion&#13;&#10;globalprovider=subversion&#13;&#10;svnuser=&#13;&#10;repo=https\://svn-seda.sds.safran/repository/process&#13;&#10;svn-passwd-secure-utf8=490b2ff693487e44032ee5a8df9ea753&#13;&#10;svnlookexe=C\:\\Program Files\\TortoiseSVN\\bin\\svnlook&#13;&#10;svnrepourl=https\://svn-seda.sds.safran/repository/process&#13;&#10;svnexe=C\:\\Program Files\\TortoiseSVN\\bin\\svn.exe&#13;&#10;" />
		<row attachFromServer="N" scmPatternB="\Q7cc9a0c3-160c-8242-9b90-7e88e20d255d\E" scmPatternA="" title="https://svn-seda.sds.safran/repository/boeing" scmPatternD="" scmPatternC="" provider="subversion" scmPatternE="" enforceAccessPerm="N" id="10" config="#Wed Jul 28 13:28:32 CDT 2021&#13;&#10;scm=subversion&#13;&#10;globalprovider=subversion&#13;&#10;svnuser=&#13;&#10;repo=https\://svn-seda.sds.safran/repository/boeing&#13;&#10;svn-passwd-secure-utf8=490b2ff693487e44032ee5a8df9ea753&#13;&#10;svnlookexe=C\:\\Program Files\\TortoiseSVN\\bin\\svnlook&#13;&#10;svnrepourl=https\://svn-seda.sds.safran/repository/boeing&#13;&#10;svnexe=C\:\\Program Files\\TortoiseSVN\\bin\\svn.exe&#13;&#10;" />
		<row attachFromServer="N" scmPatternB="\Q153e906f-303e-664f-8736-f9835585c2d0\E" scmPatternA="" title="https://svn-seda.sds.safran/repository/gs_pcs" scmPatternD="" scmPatternC="" provider="subversion" scmPatternE="" enforceAccessPerm="N" id="11" config="#Wed Jul 28 15:38:24 CDT 2021&#13;&#10;scm=subversion&#13;&#10;globalprovider=subversion&#13;&#10;svnuser=&#13;&#10;repo=https\://svn-seda.sds.safran/repository/gs_pcs&#13;&#10;svn-passwd-secure-utf8=490b2ff693487e44032ee5a8df9ea753&#13;&#10;svnlookexe=C\:\\Program Files\\TortoiseSVN\\bin\\svnlook&#13;&#10;svnrepourl=https\://svn-seda.sds.safran/repository/gs_pcs&#13;&#10;svnexe=C\:\\Program Files\\TortoiseSVN\\bin\\svn.exe&#13;&#10;" />
		<row attachFromServer="N" scmPatternB="\Q331df1dd-b253-3144-a1e8-f7d1207ddabc\E" scmPatternA="" title="https://svn-seda.sds.safran/repository/embraer_e2_hsts" scmPatternD="" scmPatternC="" provider="subversion" scmPatternE="" enforceAccessPerm="N" id="12" config="#Wed Jul 28 16:59:33 CDT 2021&#13;&#10;scm=subversion&#13;&#10;globalprovider=subversion&#13;&#10;svnuser=&#13;&#10;repo=https\://svn-seda.sds.safran/repository/embraer_e2_hsts&#13;&#10;svn-passwd-secure-utf8=490b2ff693487e44032ee5a8df9ea753&#13;&#10;svnlookexe=C\:\\Program Files\\TortoiseSVN\\bin\\svnlook&#13;&#10;svnrepourl=https\://svn-seda.sds.safran/repository/embraer_e2_hsts&#13;&#10;svnexe=C\:\\Program Files\\TortoiseSVN\\bin\\svn.exe&#13;&#10;" />
		<row attachFromServer="N" scmPatternB="\Q5751fe31-8b37-9548-a43d-7499c3c27153\E" scmPatternA="" title="https://svn-seda.sds.safran/repository/rms_engineering" scmPatternD="" scmPatternC="" provider="subversion" scmPatternE="" enforceAccessPerm="N" id="13" config="#Thu Jul 29 12:17:18 CDT 2021&#13;&#10;scm=subversion&#13;&#10;globalprovider=subversion&#13;&#10;svnuser=&#13;&#10;repo=https\://svn-seda.sds.safran/repository/rms_engineering&#13;&#10;svn-passwd-secure-utf8=490b2ff693487e44032ee5a8df9ea753&#13;&#10;svnlookexe=C\:\\Program Files\\TortoiseSVN\\bin\\svnlook&#13;&#10;svnrepourl=https\://svn-seda.sds.safran/repository/rms_engineering&#13;&#10;svnexe=C\:\\Program Files\\TortoiseSVN\\bin\\svn.exe&#13;&#10;" />
		<row attachFromServer="N" scmPatternB="\Q15dd7201-9d10-c842-bd82-f20ed021b183\E" scmPatternA="" title="https://svn-seda.sds.safran/repository/sustaining_export_restricted" scmPatternD="" scmPatternC="" provider="subversion" scmPatternE="" enforceAccessPerm="N" id="14" config="#Tue Aug 03 12:23:58 CDT 2021&#13;&#10;scm=subversion&#13;&#10;globalprovider=subversion&#13;&#10;svnuser=&#13;&#10;repo=https\://svn-seda.sds.safran/repository/sustaining_export_restricted&#13;&#10;svn-passwd-secure-utf8=490b2ff693487e44032ee5a8df9ea753&#13;&#10;svnlookexe=C\:\\Program Files\\TortoiseSVN\\bin\\svnlook&#13;&#10;svnrepourl=https\://svn-seda.sds.safran/repository/sustaining_export_restricted&#13;&#10;svnexe=C\:\\Program Files\\TortoiseSVN\\bin\\svn.exe&#13;&#10;" />
		<row attachFromServer="N" scmPatternB="\Q6b15d08e-9fce-3246-ad29-27ff9db808c7\E" scmPatternA="" title="https://svn-seda.sds.safran/repository/sustaining_pcs" scmPatternD="" scmPatternC="" provider="subversion" scmPatternE="" enforceAccessPerm="N" id="15" config="#Fri Aug 06 14:41:38 CDT 2021&#13;&#10;scm=subversion&#13;&#10;globalprovider=subversion&#13;&#10;svnuser=&#13;&#10;repo=https\://svn-seda.sds.safran/repository/sustaining_pcs&#13;&#10;svn-passwd-secure-utf8=490b2ff693487e44032ee5a8df9ea753&#13;&#10;svnlookexe=C\:\\Program Files\\TortoiseSVN\\bin\\svnlook&#13;&#10;svnrepourl=https\://svn-seda.sds.safran/repository/sustaining_pcs&#13;&#10;svnexe=C\:\\Program Files\\TortoiseSVN\\bin\\svn.exe&#13;&#10;" />
		<row attachFromServer="N" scmPatternB="\Qec3df813-73f1-e949-8537-fd4b95bfb104\E" scmPatternA="" title="https://svn-seda.sds.safran/repository/bids_proposals_export_restricted" scmPatternD="" scmPatternC="" provider="subversion" scmPatternE="" enforceAccessPerm="N" id="16" config="#Mon Aug 16 18:12:35 CDT 2021&#13;&#10;scm=subversion&#13;&#10;globalprovider=subversion&#13;&#10;svnuser=&#13;&#10;repo=https\://svn-seda.sds.safran/repository/bids_proposals_export_restricted&#13;&#10;svn-passwd-secure-utf8=490b2ff693487e44032ee5a8df9ea753&#13;&#10;svnlookexe=C\:\\Program Files\\TortoiseSVN\\bin\\svnlook&#13;&#10;svnrepourl=https\://svn-seda.sds.safran/repository/bids_proposals_export_restricted&#13;&#10;svnexe=C\:\\Program Files\\TortoiseSVN\\bin\\svn.exe&#13;&#10;" />
		<row attachFromServer="N" scmPatternB="\Q3f0357a9-cc84-a14c-b009-d3820ebaa80b\E" scmPatternA="" title="https://svn-seda.sds.safran/repository/nextgen_tcem" scmPatternD="" scmPatternC="" provider="subversion" scmPatternE="" enforceAccessPerm="N" id="17" config="#Thu Aug 26 17:33:26 CDT 2021&#13;&#10;globalprovider=subversion&#13;&#10;scm=subversion&#13;&#10;svnuser=&#13;&#10;repo=https\://svn-seda.sds.safran/repository/nextgen_tcem&#13;&#10;svnlookexe=C\:\\Program Files\\TortoiseSVN\\bin\\svnlook&#13;&#10;svn-passwd-secure-utf8=490b2ff693487e44032ee5a8df9ea753&#13;&#10;svnrepourl=https\://svn-seda.sds.safran/repository/nextgen_tcem&#13;&#10;svnexe=C\:\\Program Files\\TortoiseSVN\\bin\\svn.exe&#13;&#10;" />
		<row attachFromServer="N" scmPatternB="\Q28722b53-855a-454c-b07f-6159fbbb1343\E" scmPatternA="" title="https://svn-seda.sds.safran/repository/special_products" scmPatternD="" scmPatternC="" provider="subversion" scmPatternE="" enforceAccessPerm="N" id="18" config="#Tue Aug 31 15:15:56 CDT 2021&#13;&#10;globalprovider=subversion&#13;&#10;scm=subversion&#13;&#10;svnuser=&#13;&#10;repo=https\://svn-seda.sds.safran/repository/special_products&#13;&#10;svnlookexe=C\:\\Program Files\\TortoiseSVN\\bin\\svnlook&#13;&#10;svn-passwd-secure-utf8=490b2ff693487e44032ee5a8df9ea753&#13;&#10;svnrepourl=https\://svn-seda.sds.safran/repository/special_products&#13;&#10;svnexe=C\:\\Program Files\\TortoiseSVN\\bin\\svn.exe&#13;&#10;" />
		<row attachFromServer="N" scmPatternB="\Qaae55247-4357-b348-8ac1-0e8453027b72\E" scmPatternA="" title="https://svn-seda.sds.safran/repository/test_engineering" scmPatternD="" scmPatternC="" provider="subversion" scmPatternE="" enforceAccessPerm="N" id="19" config="#Wed Oct 13 12:34:54 CDT 2021&#13;&#10;globalprovider=subversion&#13;&#10;scm=subversion&#13;&#10;svnuser=&#13;&#10;repo=https\://svn-seda.sds.safran/repository/test_engineering&#13;&#10;svnlookexe=C\:\\Program Files\\TortoiseSVN\\bin\\svnlook&#13;&#10;svn-passwd-secure-utf8=490b2ff693487e44032ee5a8df9ea753&#13;&#10;svnrepourl=https\://svn-seda.sds.safran/repository/test_engineering&#13;&#10;svnexe=C\:\\Program Files\\TortoiseSVN\\bin\\svn.exe&#13;&#10;" />
		<row attachFromServer="N" scmPatternB="\Q454baf0e-7765-dd48-aca4-b0276e5a3ec4\E" scmPatternA="" title="https://svn-seda.sds.safran/repository/psrb_nlr" scmPatternD="" scmPatternC="" provider="subversion" scmPatternE="" enforceAccessPerm="N" id="20" config="#Wed Jul 13 17:01:14 CDT 2022&#13;&#10;scm=subversion&#13;&#10;globalprovider=subversion&#13;&#10;svnuser=&#13;&#10;repo=https\://svn-seda.sds.safran/repository/psrb_nlr&#13;&#10;svn-passwd-secure-utf8=490b2ff693487e44032ee5a8df9ea753&#13;&#10;svnlookexe=C\:\\Program Files\\TortoiseSVN\\bin\\svnlook&#13;&#10;svnrepourl=https\://svn-seda.sds.safran/repository/psrb_nlr&#13;&#10;svnexe=C\:\\Program Files\\TortoiseSVN\\bin\\svn.exe&#13;&#10;" />
		<row attachFromServer="N" scmPatternB="\Q116ae98d-f375-7f48-b652-8ceb96ff6d77\E" scmPatternA="" title="https://svn-seda.sds.safran/repository/tso" scmPatternD="" scmPatternC="" provider="subversion" scmPatternE="" enforceAccessPerm="N" id="21" config="#Wed Oct 04 15:01:40 CDT 2023&#13;&#10;globalprovider=subversion&#13;&#10;scm=subversion&#13;&#10;svnuser=&#13;&#10;repo=https\://svn-seda.sds.safran/repository/tso&#13;&#10;svnlookexe=C\:\\Program Files\\TortoiseSVN\\bin\\svnlook&#13;&#10;svn-passwd-secure-utf8=490b2ff693487e44032ee5a8df9ea753&#13;&#10;svnrepourl=https\://svn-seda.sds.safran/repository/tso&#13;&#10;svnexe=C\:\\Program Files\\TortoiseSVN\\bin\\svn.exe&#13;&#10;" />
	</rows>
</table>