<?xml version="1.1"?>
<table name="com.smartbear.ccollab.datamodel.VersionData" nrows="2" ncols="13">
	<columns>
		<column name="contentMd5" type="string" />
		<column name="filePath" type="string" />
		<column name="changeType" type="char" />
		<column name="changelistId" type="int" />
		<column name="checkinDate" type="date" />
		<column name="scmVersionName" type="string" />
		<column name="localType" type="char" />
		<column name="hide" type="int" />
		<column name="pageConverterFramework" type="string" />
		<column name="prevVersionId" type="int" />
		<column name="changelistCommitId" type="int" />
		<column name="id" type="int" />
		<column name="localFilePath" type="string" />
	</columns>
	<rows>
		<row contentMd5="e0a9ca7e7e0f93472b34126bbf9bb024" filePath="/trunk/newtexttest.txt" changeType="M" changelistId="12726" checkinDate="1989-12-31T23:00:00UTC" scmVersionName="73" localType="C" hide="0" pageConverterFramework="APACHE" prevVersionId="21665" changelistCommitId="0" id="21664" localFilePath="" />
		<row contentMd5="7c01b4d3ba453324c7697511dc99580c" filePath="/trunk/newtexttest.txt" changeType="M" changelistId="12727" checkinDate="2024-02-18T21:38:01UTC" scmVersionName="72" localType="C" hide="0" pageConverterFramework="APACHE" prevVersionId="0" changelistCommitId="0" id="21665" localFilePath="" />
	</rows>
</table>