<?xml version="1.1"?>
<table name="com.smartbear.ccollab.datamodel.ReviewTemplateData" nrows="29" ncols="20">
	<columns>
		<column name="isAllowToAssignDefects" type="char" />
		<column name="description" type="string" />
		<column name="isOverrideGlobalReviewAccessRestriction" type="char" />
		<column name="isReopenReviewIfCommentAdded" type="char" />
		<column name="isEnableEditableComments" type="char" />
		<column name="id" type="int" />
		<column name="isOverrideGlobalReviewDeadline" type="char" />
		<column name="roleId" type="int" />
		<column name="active" type="char" />
		<column name="prReviewTitleTemplate" type="string" />
		<column name="reviewDeadlineDays" type="int" />
		<column name="isRSLEnabled" type="char" />
		<column name="isCommentsAfterDeadline" type="char" />
		<column name="isDefault" type="char" />
		<column name="rejReason" type="char" />
		<column name="name" type="string" />
		<column name="isOverrideGlobalEnableEditableComments" type="char" />
		<column name="isCommentsDuringRework" type="char" />
		<column name="reviewTitleTemplate" type="string" />
		<column name="reviewAccessRestriction" type="char" />
	</columns>
	<rows>
		<row isAllowToAssignDefects="N" description="The default template." isOverrideGlobalReviewAccessRestriction="N" isReopenReviewIfCommentAdded="N" isEnableEditableComments="Y" id="1" isOverrideGlobalReviewDeadline="N" roleId="1" active="N" prReviewTitleTemplate="" reviewDeadlineDays="7" isRSLEnabled="Y" isCommentsAfterDeadline="Y" isDefault="N" rejReason="Y" name="Default" isOverrideGlobalEnableEditableComments="N" isCommentsDuringRework="Y" reviewTitleTemplate="" reviewAccessRestriction="G" />
		<row isAllowToAssignDefects="N" description="This is the default template established during Collaborator roll-out." isOverrideGlobalReviewAccessRestriction="N" isReopenReviewIfCommentAdded="N" isEnableEditableComments="Y" id="2" isOverrideGlobalReviewDeadline="N" roleId="1" active="N" prReviewTitleTemplate="" reviewDeadlineDays="7" isRSLEnabled="Y" isCommentsAfterDeadline="Y" isDefault="N" rejReason="Y" name="SEDA Template (July 2021)" isOverrideGlobalEnableEditableComments="N" isCommentsDuringRework="Y" reviewTitleTemplate="" reviewAccessRestriction="G" />
		<row isAllowToAssignDefects="N" description="This is the default template established during Collaborator roll-out." isOverrideGlobalReviewAccessRestriction="N" isReopenReviewIfCommentAdded="N" isEnableEditableComments="Y" id="3" isOverrideGlobalReviewDeadline="N" roleId="9" active="N" prReviewTitleTemplate="" reviewDeadlineDays="7" isRSLEnabled="Y" isCommentsAfterDeadline="Y" isDefault="N" rejReason="Y" name="SEDA Template (July 2021)" isOverrideGlobalEnableEditableComments="N" isCommentsDuringRework="Y" reviewTitleTemplate="" reviewAccessRestriction="G" />
		<row isAllowToAssignDefects="N" description="This is the default template established during Collaborator roll-out." isOverrideGlobalReviewAccessRestriction="N" isReopenReviewIfCommentAdded="N" isEnableEditableComments="Y" id="4" isOverrideGlobalReviewDeadline="N" roleId="9" active="N" prReviewTitleTemplate="" reviewDeadlineDays="7" isRSLEnabled="Y" isCommentsAfterDeadline="Y" isDefault="N" rejReason="Y" name="SEDA Template (July 2021)" isOverrideGlobalEnableEditableComments="N" isCommentsDuringRework="Y" reviewTitleTemplate="" reviewAccessRestriction="G" />
		<row isAllowToAssignDefects="N" description="This is the default template established during Collaborator roll-out." isOverrideGlobalReviewAccessRestriction="N" isReopenReviewIfCommentAdded="N" isEnableEditableComments="Y" id="5" isOverrideGlobalReviewDeadline="N" roleId="9" active="N" prReviewTitleTemplate="" reviewDeadlineDays="7" isRSLEnabled="Y" isCommentsAfterDeadline="Y" isDefault="N" rejReason="Y" name="SEDA Template (July 2021)" isOverrideGlobalEnableEditableComments="N" isCommentsDuringRework="Y" reviewTitleTemplate="" reviewAccessRestriction="G" />
		<row isAllowToAssignDefects="N" description="This is the default template established during Collaborator roll-out." isOverrideGlobalReviewAccessRestriction="N" isReopenReviewIfCommentAdded="N" isEnableEditableComments="Y" id="6" isOverrideGlobalReviewDeadline="N" roleId="9" active="N" prReviewTitleTemplate="" reviewDeadlineDays="7" isRSLEnabled="Y" isCommentsAfterDeadline="Y" isDefault="N" rejReason="Y" name="SEDA Template (July 2021)" isOverrideGlobalEnableEditableComments="N" isCommentsDuringRework="Y" reviewTitleTemplate="" reviewAccessRestriction="G" />
		<row isAllowToAssignDefects="N" description="This is the default template established during Collaborator roll-out." isOverrideGlobalReviewAccessRestriction="N" isReopenReviewIfCommentAdded="N" isEnableEditableComments="Y" id="7" isOverrideGlobalReviewDeadline="N" roleId="9" active="N" prReviewTitleTemplate="" reviewDeadlineDays="7" isRSLEnabled="Y" isCommentsAfterDeadline="Y" isDefault="N" rejReason="Y" name="SEDA Template (July 2021)" isOverrideGlobalEnableEditableComments="N" isCommentsDuringRework="Y" reviewTitleTemplate="" reviewAccessRestriction="G" />
		<row isAllowToAssignDefects="N" description="This is the default template established during Collaborator roll-out." isOverrideGlobalReviewAccessRestriction="N" isReopenReviewIfCommentAdded="N" isEnableEditableComments="Y" id="8" isOverrideGlobalReviewDeadline="N" roleId="9" active="N" prReviewTitleTemplate="" reviewDeadlineDays="7" isRSLEnabled="Y" isCommentsAfterDeadline="Y" isDefault="N" rejReason="Y" name="SEDA Template (July 2021)" isOverrideGlobalEnableEditableComments="N" isCommentsDuringRework="Y" reviewTitleTemplate="" reviewAccessRestriction="G" />
		<row isAllowToAssignDefects="N" description="This is the default template established during Collaborator roll-out." isOverrideGlobalReviewAccessRestriction="N" isReopenReviewIfCommentAdded="N" isEnableEditableComments="Y" id="9" isOverrideGlobalReviewDeadline="N" roleId="9" active="N" prReviewTitleTemplate="" reviewDeadlineDays="7" isRSLEnabled="Y" isCommentsAfterDeadline="Y" isDefault="N" rejReason="Y" name="SEDA Template (July 2021)" isOverrideGlobalEnableEditableComments="N" isCommentsDuringRework="Y" reviewTitleTemplate="" reviewAccessRestriction="G" />
		<row isAllowToAssignDefects="N" description="This is the default template established during Collaborator roll-out." isOverrideGlobalReviewAccessRestriction="N" isReopenReviewIfCommentAdded="N" isEnableEditableComments="Y" id="10" isOverrideGlobalReviewDeadline="N" roleId="9" active="Y" prReviewTitleTemplate="" reviewDeadlineDays="7" isRSLEnabled="Y" isCommentsAfterDeadline="Y" isDefault="N" rejReason="Y" name="SEDA Template (July 2021)" isOverrideGlobalEnableEditableComments="N" isCommentsDuringRework="Y" reviewTitleTemplate="" reviewAccessRestriction="G" />
		<row isAllowToAssignDefects="N" description="This is to be used when reviewing bids and proposals efforts" isOverrideGlobalReviewAccessRestriction="N" isReopenReviewIfCommentAdded="N" isEnableEditableComments="Y" id="11" isOverrideGlobalReviewDeadline="N" roleId="9" active="Y" prReviewTitleTemplate="" reviewDeadlineDays="7" isRSLEnabled="Y" isCommentsAfterDeadline="Y" isDefault="N" rejReason="N" name="SEDA Bids_Proposals" isOverrideGlobalEnableEditableComments="N" isCommentsDuringRework="Y" reviewTitleTemplate="" reviewAccessRestriction="G" />
		<row isAllowToAssignDefects="N" description="This is to test: &#13;&#10;Lead Reviewer Role&#13;&#10;Real All is mandatory&#13;&#10;Only Lead Reviewer and Moderator Send to Complete" isOverrideGlobalReviewAccessRestriction="N" isReopenReviewIfCommentAdded="N" isEnableEditableComments="Y" id="12" isOverrideGlobalReviewDeadline="N" roleId="13" active="N" prReviewTitleTemplate="" reviewDeadlineDays="7" isRSLEnabled="Y" isCommentsAfterDeadline="Y" isDefault="N" rejReason="N" name="New Test Template" isOverrideGlobalEnableEditableComments="N" isCommentsDuringRework="Y" reviewTitleTemplate="" reviewAccessRestriction="G" />
		<row isAllowToAssignDefects="N" description="This is to test: &#13;&#10;Lead Reviewer Role&#13;&#10;Real All is mandatory&#13;&#10;Only Lead Reviewer and Moderator Send to Complete" isOverrideGlobalReviewAccessRestriction="N" isReopenReviewIfCommentAdded="N" isEnableEditableComments="Y" id="13" isOverrideGlobalReviewDeadline="N" roleId="13" active="N" prReviewTitleTemplate="" reviewDeadlineDays="7" isRSLEnabled="Y" isCommentsAfterDeadline="Y" isDefault="N" rejReason="N" name="New Test Template" isOverrideGlobalEnableEditableComments="N" isCommentsDuringRework="Y" reviewTitleTemplate="" reviewAccessRestriction="G" />
		<row isAllowToAssignDefects="N" description="This is to test: &#13;&#10;Lead Reviewer Role&#13;&#10;Real All is mandatory&#13;&#10;Only Lead Reviewer and Moderator Send to Complete" isOverrideGlobalReviewAccessRestriction="N" isReopenReviewIfCommentAdded="N" isEnableEditableComments="Y" id="14" isOverrideGlobalReviewDeadline="N" roleId="13" active="N" prReviewTitleTemplate="" reviewDeadlineDays="7" isRSLEnabled="Y" isCommentsAfterDeadline="Y" isDefault="N" rejReason="N" name="New Test Template" isOverrideGlobalEnableEditableComments="N" isCommentsDuringRework="Y" reviewTitleTemplate="" reviewAccessRestriction="G" />
		<row isAllowToAssignDefects="N" description="This is to test: &#13;&#10;Lead Reviewer Role&#13;&#10;Real All is mandatory&#13;&#10;Only Lead Reviewer and Moderator Send to Complete" isOverrideGlobalReviewAccessRestriction="N" isReopenReviewIfCommentAdded="N" isEnableEditableComments="Y" id="15" isOverrideGlobalReviewDeadline="N" roleId="13" active="N" prReviewTitleTemplate="" reviewDeadlineDays="7" isRSLEnabled="Y" isCommentsAfterDeadline="Y" isDefault="N" rejReason="N" name="New Test Template" isOverrideGlobalEnableEditableComments="N" isCommentsDuringRework="Y" reviewTitleTemplate="" reviewAccessRestriction="G" />
		<row isAllowToAssignDefects="N" description="This is to test: &#13;&#10;Lead Reviewer Role&#13;&#10;Real All is mandatory for Author &amp; Mod&#13;&#10;Only Lead Reviewer and Moderator Send to Complete" isOverrideGlobalReviewAccessRestriction="N" isReopenReviewIfCommentAdded="N" isEnableEditableComments="Y" id="16" isOverrideGlobalReviewDeadline="N" roleId="13" active="N" prReviewTitleTemplate="" reviewDeadlineDays="7" isRSLEnabled="Y" isCommentsAfterDeadline="Y" isDefault="N" rejReason="N" name="New Test Template" isOverrideGlobalEnableEditableComments="N" isCommentsDuringRework="Y" reviewTitleTemplate="" reviewAccessRestriction="G" />
		<row isAllowToAssignDefects="N" description="New roles&#13;&#10;Lead Reviewer Role&#13;&#10;Read All is mandatory for Author &amp; Lead Rev.&#13;&#10;Only Lead Reviewer Send to Complete" isOverrideGlobalReviewAccessRestriction="N" isReopenReviewIfCommentAdded="N" isEnableEditableComments="Y" id="17" isOverrideGlobalReviewDeadline="N" roleId="13" active="Y" prReviewTitleTemplate="" reviewDeadlineDays="7" isRSLEnabled="Y" isCommentsAfterDeadline="Y" isDefault="N" rejReason="N" name="New Template_092021" isOverrideGlobalEnableEditableComments="N" isCommentsDuringRework="Y" reviewTitleTemplate="" reviewAccessRestriction="G" />
		<row isAllowToAssignDefects="N" description="Automatically updated on Fri Apr 14 17:00:58 CDT 2023UTC" isOverrideGlobalReviewAccessRestriction="N" isReopenReviewIfCommentAdded="N" isEnableEditableComments="Y" id="18" isOverrideGlobalReviewDeadline="N" roleId="17" active="N" prReviewTitleTemplate="" reviewDeadlineDays="7" isRSLEnabled="Y" isCommentsAfterDeadline="Y" isDefault="N" rejReason="N" name="Test Template 2023" isOverrideGlobalEnableEditableComments="N" isCommentsDuringRework="Y" reviewTitleTemplate="" reviewAccessRestriction="G" />
		<row isAllowToAssignDefects="N" description="" isOverrideGlobalReviewAccessRestriction="N" isReopenReviewIfCommentAdded="N" isEnableEditableComments="Y" id="19" isOverrideGlobalReviewDeadline="N" roleId="17" active="N" prReviewTitleTemplate="" reviewDeadlineDays="7" isRSLEnabled="Y" isCommentsAfterDeadline="Y" isDefault="N" rejReason="N" name="Test Template 2023" isOverrideGlobalEnableEditableComments="N" isCommentsDuringRework="Y" reviewTitleTemplate="" reviewAccessRestriction="G" />
		<row isAllowToAssignDefects="N" description="Added custom fields and moderator role changed" isOverrideGlobalReviewAccessRestriction="N" isReopenReviewIfCommentAdded="N" isEnableEditableComments="Y" id="20" isOverrideGlobalReviewDeadline="N" roleId="21" active="N" prReviewTitleTemplate="" reviewDeadlineDays="7" isRSLEnabled="Y" isCommentsAfterDeadline="Y" isDefault="N" rejReason="N" name="Test Template 2023_V2" isOverrideGlobalEnableEditableComments="N" isCommentsDuringRework="Y" reviewTitleTemplate="" reviewAccessRestriction="G" />
		<row isAllowToAssignDefects="N" description="Added custom fields and moderator role changed" isOverrideGlobalReviewAccessRestriction="N" isReopenReviewIfCommentAdded="N" isEnableEditableComments="Y" id="21" isOverrideGlobalReviewDeadline="N" roleId="21" active="N" prReviewTitleTemplate="" reviewDeadlineDays="7" isRSLEnabled="Y" isCommentsAfterDeadline="Y" isDefault="N" rejReason="N" name="Test Template 2023_V2" isOverrideGlobalEnableEditableComments="N" isCommentsDuringRework="Y" reviewTitleTemplate="" reviewAccessRestriction="G" />
		<row isAllowToAssignDefects="N" description="Added custom fields and moderator role changed" isOverrideGlobalReviewAccessRestriction="N" isReopenReviewIfCommentAdded="N" isEnableEditableComments="Y" id="22" isOverrideGlobalReviewDeadline="N" roleId="21" active="N" prReviewTitleTemplate="" reviewDeadlineDays="7" isRSLEnabled="Y" isCommentsAfterDeadline="Y" isDefault="N" rejReason="N" name="Test Template 2023_V2" isOverrideGlobalEnableEditableComments="N" isCommentsDuringRework="Y" reviewTitleTemplate="" reviewAccessRestriction="G" />
		<row isAllowToAssignDefects="N" description="Added improvements from V2; removed custom fields from V2" isOverrideGlobalReviewAccessRestriction="N" isReopenReviewIfCommentAdded="N" isEnableEditableComments="Y" id="23" isOverrideGlobalReviewDeadline="N" roleId="5" active="N" prReviewTitleTemplate="" reviewDeadlineDays="7" isRSLEnabled="Y" isCommentsAfterDeadline="Y" isDefault="N" rejReason="N" name="Test Template 2023_V3" isOverrideGlobalEnableEditableComments="N" isCommentsDuringRework="Y" reviewTitleTemplate="" reviewAccessRestriction="G" />
		<row isAllowToAssignDefects="N" description="Added improvements from V2; removed custom fields from V2" isOverrideGlobalReviewAccessRestriction="N" isReopenReviewIfCommentAdded="N" isEnableEditableComments="Y" id="24" isOverrideGlobalReviewDeadline="N" roleId="25" active="Y" prReviewTitleTemplate="" reviewDeadlineDays="7" isRSLEnabled="Y" isCommentsAfterDeadline="Y" isDefault="N" rejReason="N" name="Test Template 2023_V3" isOverrideGlobalEnableEditableComments="N" isCommentsDuringRework="Y" reviewTitleTemplate="" reviewAccessRestriction="G" />
		<row isAllowToAssignDefects="N" description="Added improvements from V2, V3; removed Final Approval button" isOverrideGlobalReviewAccessRestriction="N" isReopenReviewIfCommentAdded="N" isEnableEditableComments="Y" id="25" isOverrideGlobalReviewDeadline="N" roleId="29" active="N" prReviewTitleTemplate="" reviewDeadlineDays="7" isRSLEnabled="Y" isCommentsAfterDeadline="Y" isDefault="N" rejReason="N" name="Test Template 2023_V4" isOverrideGlobalEnableEditableComments="N" isCommentsDuringRework="Y" reviewTitleTemplate="" reviewAccessRestriction="G" />
		<row isAllowToAssignDefects="N" description="Lead Reviewer Role&#13;&#10;Read All is mandatory for Author &amp; Lead Rev.&#13;&#10;Only Lead Reviewer Send to Complete&#13;&#10;Checklists updated" isOverrideGlobalReviewAccessRestriction="N" isReopenReviewIfCommentAdded="N" isEnableEditableComments="Y" id="26" isOverrideGlobalReviewDeadline="N" roleId="29" active="N" prReviewTitleTemplate="" reviewDeadlineDays="7" isRSLEnabled="Y" isCommentsAfterDeadline="Y" isDefault="N" rejReason="N" name="New SEDA Template_July 2023" isOverrideGlobalEnableEditableComments="N" isCommentsDuringRework="Y" reviewTitleTemplate="" reviewAccessRestriction="G" />
		<row isAllowToAssignDefects="N" description="Specific to the Next Gen TCEM project, with custom templates" isOverrideGlobalReviewAccessRestriction="N" isReopenReviewIfCommentAdded="N" isEnableEditableComments="Y" id="27" isOverrideGlobalReviewDeadline="N" roleId="29" active="Y" prReviewTitleTemplate="" reviewDeadlineDays="7" isRSLEnabled="Y" isCommentsAfterDeadline="Y" isDefault="N" rejReason="N" name="TCEM Template_July 2023" isOverrideGlobalEnableEditableComments="N" isCommentsDuringRework="Y" reviewTitleTemplate="" reviewAccessRestriction="G" />
		<row isAllowToAssignDefects="N" description="Lead Reviewer Role&#13;&#10;Read All is mandatory for Author &amp; Lead Rev.&#13;&#10;Only Lead Reviewer Send to Complete&#13;&#10;Checklists updated" isOverrideGlobalReviewAccessRestriction="N" isReopenReviewIfCommentAdded="N" isEnableEditableComments="Y" id="28" isOverrideGlobalReviewDeadline="N" roleId="29" active="N" prReviewTitleTemplate="" reviewDeadlineDays="7" isRSLEnabled="Y" isCommentsAfterDeadline="Y" isDefault="N" rejReason="N" name="New SEDA Template_July 2023" isOverrideGlobalEnableEditableComments="N" isCommentsDuringRework="Y" reviewTitleTemplate="" reviewAccessRestriction="G" />
		<row isAllowToAssignDefects="N" description="Lead Reviewer Role&#13;&#10;Read All is mandatory for Author &amp; Lead Rev.&#13;&#10;Only Lead Reviewer Send to Complete&#13;&#10;Peer Review B Checklist; removed Doc and Drawing checklists" isOverrideGlobalReviewAccessRestriction="N" isReopenReviewIfCommentAdded="N" isEnableEditableComments="Y" id="29" isOverrideGlobalReviewDeadline="N" roleId="29" active="Y" prReviewTitleTemplate="" reviewDeadlineDays="7" isRSLEnabled="Y" isCommentsAfterDeadline="Y" isDefault="N" rejReason="N" name="New SEDA Template_July 2023" isOverrideGlobalEnableEditableComments="N" isCommentsDuringRework="Y" reviewTitleTemplate="" reviewAccessRestriction="G" />
	</rows>
</table>