<?xml version="1.1"?>
<table name="com.smartbear.ccollab.datamodel.ReviewEventData" nrows="3" ncols="7">
	<columns>
		<column name="eventTypeId" type="int" />
		<column name="occurredAt" type="int" />
		<column name="id" type="int" />
		<column name="ref2Id" type="int" />
		<column name="ref3Id" type="int" />
		<column name="reviewId" type="int" />
		<column name="ref1Id" type="int" />
	</columns>
	<rows>
		<row eventTypeId="15" occurredAt="1709614997" id="64580" ref2Id="0" ref3Id="0" reviewId="1023" ref1Id="2" />
		<row eventTypeId="3" occurredAt="1709614997" id="64581" ref2Id="10" ref3Id="4" reviewId="1023" ref1Id="4" />
		<row eventTypeId="9" occurredAt="1709615043" id="64582" ref2Id="4" ref3Id="0" reviewId="1023" ref1Id="12726" />
	</rows>
</table>