<?xml version="1.1"?>
<table name="com.smartbear.ccollab.datamodel.DoorsDocumentDiffData" nrows="8" ncols="6">
	<columns>
		<column name="beforeDocumentPath" type="string" />
		<column name="deletedRowIds" type="string" />
		<column name="addedRowIds" type="string" />
		<column name="currentDocumentPath" type="string" />
		<column name="id" type="int" />
		<column name="changedRowIds" type="string" />
	</columns>
	<rows>
		<row beforeDocumentPath="E:\ccollab14401-eval01\eval01-collaborator-webserver/doors/987/TCEM_SRS_101-10-703/ver1/TCEM_SRS_101-10-703.htm" deletedRowIds="" addedRowIds="" currentDocumentPath="E:\ccollab14401-eval01\eval01-collaborator-webserver/doors/987/TCEM_SRS_101-10-703/ver2/TCEM_SRS_101-10-703.htm" id="1" changedRowIds="409, 761, 762, 763, 13, 14, 396, 16, 511, 513, 514, 516, 517, 520, 807, 23, 29, 535, 44, 422, 22, 8, 10, 25, 752, 753, 35, 751, 754, 755, 249, 264, 251, 256, 261, 272, 278, 813, 274, 276, 282, 300, 298, 757, 837, 450, 451, 452, 76, 77, 873, 125, 857, 810, 811, 880, 803, 881, 804, 440, 132, 136, 138, 140, 143, 145, 148, 150, 225, 227, 234, 245, 248, 242, 244, 442, 453, 443, 780, 323, 779, 846, 403, 864, 104, 105, 106, 108, 392, 843, 304, 398, 81, 490, 488, 503, 467" />
		<row beforeDocumentPath="E:\ccollab14401-eval01\eval01-collaborator-webserver/doors/987/TCEM_SRS_101-10-703/ver2/TCEM_SRS_101-10-703.htm" deletedRowIds="" addedRowIds="" currentDocumentPath="E:\ccollab14401-eval01\eval01-collaborator-webserver/doors/987/TCEM_SRS_101-10-703/ver1/TCEM_SRS_101-10-703.htm" id="2" changedRowIds="409, 761, 762, 763, 13, 14, 396, 16, 511, 513, 514, 516, 517, 520, 807, 23, 29, 535, 44, 422, 22, 8, 10, 25, 752, 753, 35, 751, 754, 755, 249, 264, 251, 256, 261, 272, 278, 813, 274, 276, 282, 300, 298, 757, 837, 450, 451, 452, 76, 77, 873, 125, 857, 810, 811, 880, 803, 881, 804, 440, 132, 136, 138, 140, 143, 145, 148, 150, 225, 227, 234, 245, 248, 242, 244, 442, 453, 443, 780, 323, 779, 846, 403, 864, 104, 105, 106, 108, 392, 843, 304, 398, 81, 490, 488, 503, 467" />
		<row beforeDocumentPath="E:\ccollab14500-eval01\eval01-collaborator-webserver/doors/1015/Test_DOORS_Baselines/ver1/Test_DOORS_Baselines.htm" deletedRowIds="28, 30" addedRowIds="" currentDocumentPath="E:\ccollab14500-eval01\eval01-collaborator-webserver/doors/1015/Test_DOORS_Baselines/ver2/Test_DOORS_Baselines.htm" id="3" changedRowIds="" />
		<row beforeDocumentPath="E:\ccollab14500-eval01\eval01-collaborator-webserver/doors/1015/Test_DOORS_Baselines/ver2/Test_DOORS_Baselines.htm" deletedRowIds="" addedRowIds="28, 30" currentDocumentPath="E:\ccollab14500-eval01\eval01-collaborator-webserver/doors/1015/Test_DOORS_Baselines/ver1/Test_DOORS_Baselines.htm" id="4" changedRowIds="" />
		<row beforeDocumentPath="E:\ccollab14500-eval01\eval01-collaborator-webserver/doors/1016/TCEM_SRS_101-10-703/ver1/TCEM_SRS_101-10-703.htm" deletedRowIds="" addedRowIds="" currentDocumentPath="E:\ccollab14500-eval01\eval01-collaborator-webserver/doors/1016/TCEM_SRS_101-10-703/ver3/TCEM_SRS_101-10-703.htm" id="5" changedRowIds="52, 396, 16, 511, 513, 514, 516, 517, 520, 21, 23, 26, 27, 28, 29, 535, 44, 422, 22, 372, 8, 10, 25, 35, 316, 319, 264, 251, 256, 261, 272, 278, 813, 274, 276, 295, 289, 291, 300, 298, 836, 76, 77, 857, 810, 811, 128, 880, 803, 387, 881, 220, 132, 136, 138, 140, 143, 145, 148, 150, 156, 225, 227, 234, 245, 248, 239, 240, 242, 244, 87, 89, 849, 780, 323, 846, 793, 403, 104, 105, 106, 108, 313, 392, 842, 843, 117, 81, 488, 466, 467, 479, 480, 469, 470" />
		<row beforeDocumentPath="E:\ccollab14500-eval01\eval01-collaborator-webserver/doors/1016/TCEM_SRS_101-10-703/ver3/TCEM_SRS_101-10-703.htm" deletedRowIds="" addedRowIds="" currentDocumentPath="E:\ccollab14500-eval01\eval01-collaborator-webserver/doors/1016/TCEM_SRS_101-10-703/ver1/TCEM_SRS_101-10-703.htm" id="6" changedRowIds="52, 396, 16, 511, 513, 514, 516, 517, 520, 21, 23, 26, 27, 28, 29, 535, 44, 422, 22, 372, 8, 10, 25, 35, 316, 319, 264, 251, 256, 261, 272, 278, 813, 274, 276, 295, 289, 291, 300, 298, 836, 76, 77, 857, 810, 811, 128, 880, 803, 387, 881, 220, 132, 136, 138, 140, 143, 145, 148, 150, 156, 225, 227, 234, 245, 248, 239, 240, 242, 244, 87, 89, 849, 780, 323, 846, 793, 403, 104, 105, 106, 108, 313, 392, 842, 843, 117, 81, 488, 466, 467, 479, 480, 469, 470" />
		<row beforeDocumentPath="E:\ccollab14500-eval01\eval01-collaborator-webserver/doors/987/TCEM_SRS_101-10-703/ver2/TCEM_SRS_101-10-703.htm" deletedRowIds="" addedRowIds="" currentDocumentPath="E:\ccollab14500-eval01\eval01-collaborator-webserver/doors/987/TCEM_SRS_101-10-703/ver1/TCEM_SRS_101-10-703.htm" id="7" changedRowIds="409, 761, 762, 763, 13, 14, 396, 16, 511, 513, 514, 516, 517, 520, 807, 23, 29, 535, 44, 422, 22, 8, 10, 25, 752, 753, 35, 751, 754, 755, 249, 264, 251, 256, 261, 272, 278, 813, 274, 276, 282, 300, 298, 757, 837, 450, 451, 452, 76, 77, 873, 125, 857, 810, 811, 880, 803, 881, 804, 440, 132, 136, 138, 140, 143, 145, 148, 150, 225, 227, 234, 245, 248, 242, 244, 442, 453, 443, 780, 323, 779, 846, 403, 864, 104, 105, 106, 108, 392, 843, 304, 398, 81, 490, 488, 503, 467" />
		<row beforeDocumentPath="E:\ccollab14500-eval01\eval01-collaborator-webserver/doors/987/TCEM_SRS_101-10-703/ver1/TCEM_SRS_101-10-703.htm" deletedRowIds="" addedRowIds="" currentDocumentPath="E:\ccollab14500-eval01\eval01-collaborator-webserver/doors/987/TCEM_SRS_101-10-703/ver2/TCEM_SRS_101-10-703.htm" id="8" changedRowIds="409, 761, 762, 763, 13, 14, 396, 16, 511, 513, 514, 516, 517, 520, 807, 23, 29, 535, 44, 422, 22, 8, 10, 25, 752, 753, 35, 751, 754, 755, 249, 264, 251, 256, 261, 272, 278, 813, 274, 276, 282, 300, 298, 757, 837, 450, 451, 452, 76, 77, 873, 125, 857, 810, 811, 880, 803, 881, 804, 440, 132, 136, 138, 140, 143, 145, 148, 150, 225, 227, 234, 245, 248, 242, 244, 442, 453, 443, 780, 323, 779, 846, 403, 864, 104, 105, 106, 108, 392, 843, 304, 398, 81, 490, 488, 503, 467" />
	</rows>
</table>