<?xml version="1.1"?>
<table name="com.smartbear.ccollab.datamodel.MetaDataValueCharacterData" nrows="57" ncols="5">
	<columns>
		<column name="targetId" type="int" />
		<column name="id" type="int" />
		<column name="userId" type="int" />
		<column name="value" type="char" />
		<column name="fieldId" type="int" />
	</columns>
	<rows>
		<row targetId="0" id="1" userId="0" value="A" fieldId="155" />
		<row targetId="0" id="2" userId="0" value="N" fieldId="156" />
		<row targetId="0" id="3" userId="0" value="N" fieldId="157" />
		<row targetId="0" id="4" userId="0" value="N" fieldId="158" />
		<row targetId="0" id="5" userId="0" value="D" fieldId="172" />
		<row targetId="0" id="6" userId="0" value="N" fieldId="171" />
		<row targetId="0" id="7" userId="0" value="N" fieldId="188" />
		<row targetId="0" id="10" userId="0" value="N" fieldId="31" />
		<row targetId="0" id="11" userId="0" value="N" fieldId="140" />
		<row targetId="0" id="12" userId="0" value="N" fieldId="141" />
		<row targetId="0" id="13" userId="0" value="Y" fieldId="142" />
		<row targetId="0" id="14" userId="0" value="Y" fieldId="57" />
		<row targetId="0" id="15" userId="0" value="N" fieldId="39" />
		<row targetId="0" id="16" userId="0" value="Y" fieldId="43" />
		<row targetId="0" id="17" userId="0" value="N" fieldId="92" />
		<row targetId="0" id="18" userId="0" value="N" fieldId="93" />
		<row targetId="0" id="19" userId="0" value="Y" fieldId="128" />
		<row targetId="0" id="20" userId="0" value="Y" fieldId="129" />
		<row targetId="0" id="21" userId="0" value="Y" fieldId="22" />
		<row targetId="0" id="22" userId="0" value="N" fieldId="23" />
		<row targetId="0" id="23" userId="0" value="N" fieldId="24" />
		<row targetId="0" id="24" userId="0" value="Y" fieldId="25" />
		<row targetId="0" id="25" userId="0" value="N" fieldId="144" />
		<row targetId="0" id="26" userId="0" value="N" fieldId="21" />
		<row targetId="0" id="27" userId="0" value="N" fieldId="10" />
		<row targetId="0" id="28" userId="0" value="N" fieldId="12" />
		<row targetId="0" id="29" userId="0" value="G" fieldId="11" />
		<row targetId="0" id="30" userId="0" value="Y" fieldId="15" />
		<row targetId="0" id="31" userId="0" value="Y" fieldId="16" />
		<row targetId="0" id="32" userId="0" value="Y" fieldId="97" />
		<row targetId="0" id="33" userId="0" value="A" fieldId="13" />
		<row targetId="0" id="34" userId="0" value="N" fieldId="14" />
		<row targetId="0" id="35" userId="0" value="N" fieldId="114" />
		<row targetId="0" id="36" userId="0" value="Y" fieldId="115" />
		<row targetId="0" id="37" userId="0" value="T" fieldId="46" />
		<row targetId="0" id="38" userId="0" value="Y" fieldId="4" />
		<row targetId="0" id="39" userId="0" value="Y" fieldId="3" />
		<row targetId="0" id="40" userId="0" value="N" fieldId="18" />
		<row targetId="0" id="41" userId="0" value="Y" fieldId="19" />
		<row targetId="0" id="42" userId="0" value="N" fieldId="5" />
		<row targetId="0" id="43" userId="0" value="Y" fieldId="6" />
		<row targetId="0" id="44" userId="0" value="N" fieldId="7" />
		<row targetId="0" id="45" userId="0" value="Y" fieldId="30" />
		<row targetId="0" id="46" userId="0" value="Y" fieldId="98" />
		<row targetId="0" id="47" userId="0" value="N" fieldId="99" />
		<row targetId="0" id="48" userId="0" value="Y" fieldId="125" />
		<row targetId="0" id="921" userId="0" value="N" fieldId="234" />
		<row targetId="0" id="2367" userId="0" value="Y" fieldId="232" />
		<row targetId="0" id="2368" userId="0" value="Y" fieldId="233" />
		<row targetId="4" id="66" userId="0" value="I" fieldId="182" />
		<row targetId="4" id="101" userId="0" value="I" fieldId="176" />
		<row targetId="4" id="102" userId="0" value="I" fieldId="178" />
		<row targetId="4" id="103" userId="0" value="I" fieldId="177" />
		<row targetId="4" id="104" userId="0" value="I" fieldId="179" />
		<row targetId="4" id="105" userId="0" value="I" fieldId="180" />
		<row targetId="4" id="301" userId="0" value="I" fieldId="181" />
		<row targetId="1023" id="1129" userId="0" value="I" fieldId="182" />
	</rows>
</table>