<?xml version="1.1"?>
<table name="com.smartbear.ccollab.datamodel.ReviewTemplateChecklistsData" nrows="158" ncols="5">
	<columns>
		<column name="isDefault" type="char" />
		<column name="reviewTemplateId" type="int" />
		<column name="id" type="int" />
		<column name="checklistId" type="int" />
		<column name="isMandatory" type="char" />
	</columns>
	<rows>
		<row isDefault="N" reviewTemplateId="3" id="5" checklistId="1" isMandatory="N" />
		<row isDefault="N" reviewTemplateId="3" id="6" checklistId="2" isMandatory="N" />
		<row isDefault="Y" reviewTemplateId="3" id="7" checklistId="3" isMandatory="Y" />
		<row isDefault="N" reviewTemplateId="4" id="8" checklistId="1" isMandatory="N" />
		<row isDefault="N" reviewTemplateId="4" id="9" checklistId="2" isMandatory="N" />
		<row isDefault="Y" reviewTemplateId="4" id="10" checklistId="3" isMandatory="Y" />
		<row isDefault="N" reviewTemplateId="5" id="11" checklistId="1" isMandatory="Y" />
		<row isDefault="Y" reviewTemplateId="5" id="12" checklistId="2" isMandatory="Y" />
		<row isDefault="N" reviewTemplateId="5" id="13" checklistId="3" isMandatory="Y" />
		<row isDefault="N" reviewTemplateId="6" id="14" checklistId="1" isMandatory="Y" />
		<row isDefault="Y" reviewTemplateId="6" id="15" checklistId="2" isMandatory="Y" />
		<row isDefault="N" reviewTemplateId="6" id="16" checklistId="3" isMandatory="Y" />
		<row isDefault="N" reviewTemplateId="7" id="17" checklistId="1" isMandatory="Y" />
		<row isDefault="Y" reviewTemplateId="7" id="18" checklistId="2" isMandatory="Y" />
		<row isDefault="N" reviewTemplateId="7" id="19" checklistId="3" isMandatory="Y" />
		<row isDefault="N" reviewTemplateId="8" id="20" checklistId="1" isMandatory="Y" />
		<row isDefault="Y" reviewTemplateId="8" id="21" checklistId="2" isMandatory="Y" />
		<row isDefault="N" reviewTemplateId="8" id="22" checklistId="3" isMandatory="Y" />
		<row isDefault="N" reviewTemplateId="8" id="23" checklistId="4" isMandatory="Y" />
		<row isDefault="N" reviewTemplateId="8" id="24" checklistId="5" isMandatory="Y" />
		<row isDefault="N" reviewTemplateId="8" id="25" checklistId="6" isMandatory="Y" />
		<row isDefault="N" reviewTemplateId="8" id="26" checklistId="7" isMandatory="Y" />
		<row isDefault="N" reviewTemplateId="8" id="27" checklistId="8" isMandatory="Y" />
		<row isDefault="N" reviewTemplateId="9" id="28" checklistId="1" isMandatory="Y" />
		<row isDefault="Y" reviewTemplateId="9" id="29" checklistId="2" isMandatory="Y" />
		<row isDefault="N" reviewTemplateId="9" id="30" checklistId="3" isMandatory="Y" />
		<row isDefault="N" reviewTemplateId="9" id="31" checklistId="4" isMandatory="Y" />
		<row isDefault="N" reviewTemplateId="9" id="32" checklistId="5" isMandatory="Y" />
		<row isDefault="N" reviewTemplateId="9" id="33" checklistId="6" isMandatory="Y" />
		<row isDefault="N" reviewTemplateId="9" id="34" checklistId="7" isMandatory="Y" />
		<row isDefault="N" reviewTemplateId="9" id="35" checklistId="8" isMandatory="Y" />
		<row isDefault="N" reviewTemplateId="10" id="36" checklistId="1" isMandatory="Y" />
		<row isDefault="Y" reviewTemplateId="10" id="37" checklistId="2" isMandatory="Y" />
		<row isDefault="N" reviewTemplateId="10" id="38" checklistId="3" isMandatory="Y" />
		<row isDefault="N" reviewTemplateId="10" id="39" checklistId="4" isMandatory="Y" />
		<row isDefault="N" reviewTemplateId="10" id="40" checklistId="5" isMandatory="Y" />
		<row isDefault="N" reviewTemplateId="10" id="41" checklistId="6" isMandatory="Y" />
		<row isDefault="N" reviewTemplateId="10" id="42" checklistId="7" isMandatory="Y" />
		<row isDefault="N" reviewTemplateId="10" id="43" checklistId="8" isMandatory="Y" />
		<row isDefault="N" reviewTemplateId="12" id="47" checklistId="1" isMandatory="N" />
		<row isDefault="N" reviewTemplateId="12" id="48" checklistId="2" isMandatory="N" />
		<row isDefault="N" reviewTemplateId="12" id="49" checklistId="3" isMandatory="N" />
		<row isDefault="N" reviewTemplateId="13" id="50" checklistId="1" isMandatory="N" />
		<row isDefault="N" reviewTemplateId="13" id="51" checklistId="2" isMandatory="N" />
		<row isDefault="N" reviewTemplateId="13" id="52" checklistId="3" isMandatory="N" />
		<row isDefault="N" reviewTemplateId="14" id="53" checklistId="1" isMandatory="N" />
		<row isDefault="N" reviewTemplateId="14" id="54" checklistId="2" isMandatory="N" />
		<row isDefault="N" reviewTemplateId="14" id="55" checklistId="3" isMandatory="N" />
		<row isDefault="N" reviewTemplateId="14" id="56" checklistId="4" isMandatory="N" />
		<row isDefault="N" reviewTemplateId="15" id="57" checklistId="1" isMandatory="N" />
		<row isDefault="N" reviewTemplateId="15" id="58" checklistId="2" isMandatory="N" />
		<row isDefault="N" reviewTemplateId="15" id="59" checklistId="3" isMandatory="N" />
		<row isDefault="N" reviewTemplateId="15" id="60" checklistId="4" isMandatory="N" />
		<row isDefault="N" reviewTemplateId="16" id="61" checklistId="1" isMandatory="N" />
		<row isDefault="N" reviewTemplateId="16" id="62" checklistId="2" isMandatory="N" />
		<row isDefault="N" reviewTemplateId="16" id="63" checklistId="3" isMandatory="N" />
		<row isDefault="N" reviewTemplateId="16" id="64" checklistId="4" isMandatory="N" />
		<row isDefault="N" reviewTemplateId="17" id="77" checklistId="1" isMandatory="Y" />
		<row isDefault="N" reviewTemplateId="17" id="78" checklistId="4" isMandatory="Y" />
		<row isDefault="N" reviewTemplateId="17" id="79" checklistId="5" isMandatory="Y" />
		<row isDefault="N" reviewTemplateId="17" id="80" checklistId="6" isMandatory="Y" />
		<row isDefault="N" reviewTemplateId="17" id="81" checklistId="7" isMandatory="Y" />
		<row isDefault="N" reviewTemplateId="17" id="82" checklistId="8" isMandatory="Y" />
		<row isDefault="N" reviewTemplateId="17" id="83" checklistId="9" isMandatory="Y" />
		<row isDefault="Y" reviewTemplateId="17" id="84" checklistId="10" isMandatory="Y" />
		<row isDefault="N" reviewTemplateId="18" id="101" checklistId="1" isMandatory="Y" />
		<row isDefault="N" reviewTemplateId="18" id="102" checklistId="4" isMandatory="Y" />
		<row isDefault="N" reviewTemplateId="18" id="103" checklistId="5" isMandatory="Y" />
		<row isDefault="N" reviewTemplateId="18" id="104" checklistId="6" isMandatory="Y" />
		<row isDefault="N" reviewTemplateId="18" id="105" checklistId="7" isMandatory="Y" />
		<row isDefault="N" reviewTemplateId="18" id="106" checklistId="8" isMandatory="Y" />
		<row isDefault="N" reviewTemplateId="18" id="107" checklistId="9" isMandatory="Y" />
		<row isDefault="Y" reviewTemplateId="18" id="108" checklistId="10" isMandatory="Y" />
		<row isDefault="N" reviewTemplateId="19" id="117" checklistId="1" isMandatory="Y" />
		<row isDefault="N" reviewTemplateId="19" id="118" checklistId="4" isMandatory="Y" />
		<row isDefault="N" reviewTemplateId="19" id="119" checklistId="5" isMandatory="Y" />
		<row isDefault="N" reviewTemplateId="19" id="120" checklistId="6" isMandatory="Y" />
		<row isDefault="N" reviewTemplateId="19" id="121" checklistId="7" isMandatory="Y" />
		<row isDefault="N" reviewTemplateId="19" id="122" checklistId="8" isMandatory="Y" />
		<row isDefault="N" reviewTemplateId="19" id="123" checklistId="9" isMandatory="Y" />
		<row isDefault="Y" reviewTemplateId="19" id="124" checklistId="10" isMandatory="Y" />
		<row isDefault="N" reviewTemplateId="20" id="141" checklistId="1" isMandatory="Y" />
		<row isDefault="N" reviewTemplateId="20" id="142" checklistId="4" isMandatory="Y" />
		<row isDefault="N" reviewTemplateId="20" id="143" checklistId="5" isMandatory="Y" />
		<row isDefault="N" reviewTemplateId="20" id="144" checklistId="6" isMandatory="Y" />
		<row isDefault="N" reviewTemplateId="20" id="145" checklistId="7" isMandatory="Y" />
		<row isDefault="N" reviewTemplateId="20" id="146" checklistId="8" isMandatory="Y" />
		<row isDefault="N" reviewTemplateId="20" id="147" checklistId="9" isMandatory="Y" />
		<row isDefault="Y" reviewTemplateId="20" id="148" checklistId="10" isMandatory="Y" />
		<row isDefault="N" reviewTemplateId="21" id="149" checklistId="1" isMandatory="Y" />
		<row isDefault="N" reviewTemplateId="21" id="150" checklistId="4" isMandatory="Y" />
		<row isDefault="N" reviewTemplateId="21" id="151" checklistId="5" isMandatory="Y" />
		<row isDefault="N" reviewTemplateId="21" id="152" checklistId="6" isMandatory="Y" />
		<row isDefault="N" reviewTemplateId="21" id="153" checklistId="7" isMandatory="Y" />
		<row isDefault="N" reviewTemplateId="21" id="154" checklistId="8" isMandatory="Y" />
		<row isDefault="N" reviewTemplateId="21" id="155" checklistId="9" isMandatory="Y" />
		<row isDefault="Y" reviewTemplateId="21" id="156" checklistId="10" isMandatory="Y" />
		<row isDefault="N" reviewTemplateId="22" id="165" checklistId="1" isMandatory="Y" />
		<row isDefault="N" reviewTemplateId="22" id="166" checklistId="4" isMandatory="Y" />
		<row isDefault="N" reviewTemplateId="22" id="167" checklistId="5" isMandatory="Y" />
		<row isDefault="N" reviewTemplateId="22" id="168" checklistId="6" isMandatory="Y" />
		<row isDefault="N" reviewTemplateId="22" id="169" checklistId="7" isMandatory="Y" />
		<row isDefault="N" reviewTemplateId="22" id="170" checklistId="8" isMandatory="Y" />
		<row isDefault="N" reviewTemplateId="22" id="171" checklistId="9" isMandatory="Y" />
		<row isDefault="Y" reviewTemplateId="22" id="172" checklistId="10" isMandatory="Y" />
		<row isDefault="N" reviewTemplateId="23" id="173" checklistId="4" isMandatory="Y" />
		<row isDefault="N" reviewTemplateId="23" id="174" checklistId="5" isMandatory="Y" />
		<row isDefault="N" reviewTemplateId="23" id="175" checklistId="6" isMandatory="Y" />
		<row isDefault="N" reviewTemplateId="23" id="176" checklistId="7" isMandatory="Y" />
		<row isDefault="N" reviewTemplateId="23" id="177" checklistId="8" isMandatory="Y" />
		<row isDefault="N" reviewTemplateId="23" id="178" checklistId="9" isMandatory="Y" />
		<row isDefault="Y" reviewTemplateId="23" id="179" checklistId="11" isMandatory="Y" />
		<row isDefault="N" reviewTemplateId="23" id="180" checklistId="12" isMandatory="Y" />
		<row isDefault="N" reviewTemplateId="24" id="181" checklistId="4" isMandatory="Y" />
		<row isDefault="N" reviewTemplateId="24" id="182" checklistId="5" isMandatory="Y" />
		<row isDefault="N" reviewTemplateId="24" id="183" checklistId="6" isMandatory="Y" />
		<row isDefault="N" reviewTemplateId="24" id="184" checklistId="7" isMandatory="Y" />
		<row isDefault="N" reviewTemplateId="24" id="185" checklistId="8" isMandatory="Y" />
		<row isDefault="N" reviewTemplateId="24" id="186" checklistId="9" isMandatory="Y" />
		<row isDefault="Y" reviewTemplateId="24" id="187" checklistId="11" isMandatory="Y" />
		<row isDefault="N" reviewTemplateId="24" id="188" checklistId="12" isMandatory="Y" />
		<row isDefault="N" reviewTemplateId="25" id="205" checklistId="4" isMandatory="N" />
		<row isDefault="N" reviewTemplateId="25" id="206" checklistId="5" isMandatory="N" />
		<row isDefault="N" reviewTemplateId="25" id="207" checklistId="6" isMandatory="N" />
		<row isDefault="N" reviewTemplateId="25" id="208" checklistId="7" isMandatory="N" />
		<row isDefault="N" reviewTemplateId="25" id="209" checklistId="8" isMandatory="N" />
		<row isDefault="N" reviewTemplateId="25" id="210" checklistId="9" isMandatory="N" />
		<row isDefault="Y" reviewTemplateId="25" id="211" checklistId="11" isMandatory="Y" />
		<row isDefault="N" reviewTemplateId="25" id="212" checklistId="12" isMandatory="Y" />
		<row isDefault="N" reviewTemplateId="26" id="229" checklistId="4" isMandatory="N" />
		<row isDefault="N" reviewTemplateId="26" id="230" checklistId="5" isMandatory="N" />
		<row isDefault="N" reviewTemplateId="26" id="231" checklistId="6" isMandatory="N" />
		<row isDefault="N" reviewTemplateId="26" id="232" checklistId="7" isMandatory="N" />
		<row isDefault="N" reviewTemplateId="26" id="233" checklistId="8" isMandatory="N" />
		<row isDefault="N" reviewTemplateId="26" id="234" checklistId="9" isMandatory="N" />
		<row isDefault="Y" reviewTemplateId="26" id="235" checklistId="11" isMandatory="Y" />
		<row isDefault="N" reviewTemplateId="26" id="236" checklistId="12" isMandatory="Y" />
		<row isDefault="N" reviewTemplateId="27" id="237" checklistId="13" isMandatory="N" />
		<row isDefault="N" reviewTemplateId="27" id="238" checklistId="14" isMandatory="N" />
		<row isDefault="N" reviewTemplateId="27" id="239" checklistId="15" isMandatory="N" />
		<row isDefault="N" reviewTemplateId="27" id="240" checklistId="16" isMandatory="N" />
		<row isDefault="N" reviewTemplateId="27" id="241" checklistId="17" isMandatory="N" />
		<row isDefault="N" reviewTemplateId="27" id="242" checklistId="18" isMandatory="N" />
		<row isDefault="N" reviewTemplateId="27" id="243" checklistId="19" isMandatory="N" />
		<row isDefault="N" reviewTemplateId="27" id="244" checklistId="20" isMandatory="N" />
		<row isDefault="N" reviewTemplateId="28" id="245" checklistId="4" isMandatory="N" />
		<row isDefault="N" reviewTemplateId="28" id="246" checklistId="5" isMandatory="N" />
		<row isDefault="N" reviewTemplateId="28" id="247" checklistId="6" isMandatory="N" />
		<row isDefault="N" reviewTemplateId="28" id="248" checklistId="7" isMandatory="N" />
		<row isDefault="N" reviewTemplateId="28" id="249" checklistId="8" isMandatory="N" />
		<row isDefault="N" reviewTemplateId="28" id="250" checklistId="9" isMandatory="N" />
		<row isDefault="N" reviewTemplateId="29" id="258" checklistId="4" isMandatory="N" />
		<row isDefault="N" reviewTemplateId="29" id="259" checklistId="5" isMandatory="N" />
		<row isDefault="N" reviewTemplateId="29" id="260" checklistId="6" isMandatory="N" />
		<row isDefault="N" reviewTemplateId="29" id="261" checklistId="7" isMandatory="N" />
		<row isDefault="N" reviewTemplateId="29" id="262" checklistId="8" isMandatory="N" />
		<row isDefault="N" reviewTemplateId="29" id="263" checklistId="9" isMandatory="N" />
		<row isDefault="Y" reviewTemplateId="29" id="264" checklistId="21" isMandatory="Y" />
	</rows>
</table>