<?xml version="1.1"?>
<table name="com.smartbear.ccollab.datamodel.GroupUsersData" nrows="1229" ncols="3">
	<columns>
		<column name="id" type="int" />
		<column name="userId" type="int" />
		<column name="groupId" type="int" />
	</columns>
	<rows>
		<row id="1" userId="1" groupId="1" />
		<row id="2" userId="2" groupId="1" />
		<row id="3" userId="3" groupId="1" />
		<row id="4" userId="4" groupId="1" />
		<row id="5" userId="5" groupId="1" />
		<row id="6" userId="6" groupId="1" />
		<row id="7" userId="7" groupId="1" />
		<row id="8" userId="8" groupId="1" />
		<row id="9" userId="9" groupId="1" />
		<row id="10" userId="10" groupId="1" />
		<row id="11" userId="11" groupId="1" />
		<row id="12" userId="12" groupId="1" />
		<row id="13" userId="13" groupId="1" />
		<row id="14" userId="14" groupId="1" />
		<row id="15" userId="15" groupId="1" />
		<row id="16" userId="16" groupId="1" />
		<row id="17" userId="17" groupId="1" />
		<row id="18" userId="18" groupId="1" />
		<row id="19" userId="19" groupId="1" />
		<row id="20" userId="20" groupId="1" />
		<row id="21" userId="21" groupId="1" />
		<row id="22" userId="6" groupId="2" />
		<row id="23" userId="7" groupId="2" />
		<row id="24" userId="1" groupId="2" />
		<row id="26" userId="1" groupId="4" />
		<row id="29" userId="22" groupId="1" />
		<row id="30" userId="23" groupId="1" />
		<row id="31" userId="24" groupId="1" />
		<row id="32" userId="25" groupId="1" />
		<row id="33" userId="26" groupId="1" />
		<row id="34" userId="27" groupId="1" />
		<row id="35" userId="28" groupId="1" />
		<row id="36" userId="29" groupId="1" />
		<row id="37" userId="30" groupId="1" />
		<row id="38" userId="31" groupId="1" />
		<row id="39" userId="32" groupId="1" />
		<row id="40" userId="33" groupId="1" />
		<row id="41" userId="34" groupId="1" />
		<row id="42" userId="35" groupId="1" />
		<row id="43" userId="36" groupId="1" />
		<row id="44" userId="37" groupId="1" />
		<row id="45" userId="38" groupId="1" />
		<row id="46" userId="39" groupId="1" />
		<row id="47" userId="40" groupId="1" />
		<row id="48" userId="41" groupId="1" />
		<row id="49" userId="42" groupId="1" />
		<row id="50" userId="43" groupId="1" />
		<row id="51" userId="44" groupId="1" />
		<row id="52" userId="45" groupId="1" />
		<row id="53" userId="46" groupId="1" />
		<row id="54" userId="47" groupId="1" />
		<row id="55" userId="48" groupId="1" />
		<row id="56" userId="49" groupId="1" />
		<row id="57" userId="50" groupId="1" />
		<row id="58" userId="51" groupId="1" />
		<row id="59" userId="52" groupId="1" />
		<row id="60" userId="53" groupId="1" />
		<row id="61" userId="54" groupId="1" />
		<row id="62" userId="55" groupId="1" />
		<row id="63" userId="56" groupId="1" />
		<row id="64" userId="57" groupId="1" />
		<row id="65" userId="58" groupId="1" />
		<row id="66" userId="59" groupId="1" />
		<row id="67" userId="60" groupId="1" />
		<row id="68" userId="61" groupId="1" />
		<row id="69" userId="62" groupId="1" />
		<row id="70" userId="63" groupId="1" />
		<row id="71" userId="64" groupId="1" />
		<row id="72" userId="65" groupId="1" />
		<row id="73" userId="66" groupId="1" />
		<row id="74" userId="67" groupId="1" />
		<row id="75" userId="68" groupId="1" />
		<row id="76" userId="69" groupId="1" />
		<row id="77" userId="70" groupId="1" />
		<row id="78" userId="71" groupId="1" />
		<row id="79" userId="72" groupId="1" />
		<row id="80" userId="73" groupId="1" />
		<row id="81" userId="74" groupId="1" />
		<row id="82" userId="75" groupId="1" />
		<row id="83" userId="76" groupId="1" />
		<row id="84" userId="77" groupId="1" />
		<row id="85" userId="78" groupId="1" />
		<row id="86" userId="79" groupId="1" />
		<row id="87" userId="80" groupId="1" />
		<row id="88" userId="81" groupId="1" />
		<row id="89" userId="82" groupId="1" />
		<row id="90" userId="83" groupId="1" />
		<row id="91" userId="84" groupId="1" />
		<row id="92" userId="85" groupId="1" />
		<row id="93" userId="86" groupId="1" />
		<row id="94" userId="87" groupId="1" />
		<row id="95" userId="88" groupId="1" />
		<row id="96" userId="89" groupId="1" />
		<row id="97" userId="90" groupId="1" />
		<row id="98" userId="91" groupId="1" />
		<row id="99" userId="92" groupId="1" />
		<row id="100" userId="93" groupId="1" />
		<row id="101" userId="94" groupId="1" />
		<row id="102" userId="95" groupId="1" />
		<row id="103" userId="96" groupId="1" />
		<row id="104" userId="97" groupId="1" />
		<row id="105" userId="98" groupId="1" />
		<row id="106" userId="99" groupId="1" />
		<row id="107" userId="100" groupId="1" />
		<row id="108" userId="101" groupId="1" />
		<row id="109" userId="102" groupId="1" />
		<row id="110" userId="103" groupId="1" />
		<row id="111" userId="104" groupId="1" />
		<row id="112" userId="105" groupId="1" />
		<row id="113" userId="106" groupId="1" />
		<row id="114" userId="107" groupId="1" />
		<row id="115" userId="108" groupId="1" />
		<row id="116" userId="109" groupId="1" />
		<row id="117" userId="110" groupId="1" />
		<row id="118" userId="111" groupId="1" />
		<row id="119" userId="112" groupId="1" />
		<row id="120" userId="113" groupId="1" />
		<row id="121" userId="114" groupId="1" />
		<row id="122" userId="115" groupId="1" />
		<row id="123" userId="116" groupId="1" />
		<row id="124" userId="117" groupId="1" />
		<row id="125" userId="118" groupId="1" />
		<row id="126" userId="119" groupId="1" />
		<row id="127" userId="120" groupId="1" />
		<row id="128" userId="121" groupId="1" />
		<row id="129" userId="122" groupId="1" />
		<row id="130" userId="123" groupId="1" />
		<row id="131" userId="124" groupId="1" />
		<row id="132" userId="125" groupId="1" />
		<row id="133" userId="126" groupId="1" />
		<row id="134" userId="127" groupId="1" />
		<row id="135" userId="128" groupId="1" />
		<row id="136" userId="129" groupId="1" />
		<row id="137" userId="130" groupId="1" />
		<row id="138" userId="131" groupId="1" />
		<row id="139" userId="132" groupId="1" />
		<row id="140" userId="133" groupId="1" />
		<row id="141" userId="134" groupId="1" />
		<row id="142" userId="135" groupId="1" />
		<row id="143" userId="136" groupId="1" />
		<row id="144" userId="137" groupId="1" />
		<row id="145" userId="138" groupId="1" />
		<row id="146" userId="139" groupId="1" />
		<row id="147" userId="140" groupId="1" />
		<row id="148" userId="141" groupId="1" />
		<row id="149" userId="142" groupId="1" />
		<row id="150" userId="143" groupId="1" />
		<row id="151" userId="144" groupId="1" />
		<row id="152" userId="145" groupId="1" />
		<row id="153" userId="146" groupId="1" />
		<row id="154" userId="147" groupId="1" />
		<row id="155" userId="148" groupId="1" />
		<row id="156" userId="149" groupId="1" />
		<row id="157" userId="150" groupId="1" />
		<row id="158" userId="151" groupId="1" />
		<row id="159" userId="152" groupId="1" />
		<row id="160" userId="153" groupId="1" />
		<row id="161" userId="154" groupId="1" />
		<row id="162" userId="155" groupId="1" />
		<row id="163" userId="156" groupId="1" />
		<row id="164" userId="157" groupId="1" />
		<row id="165" userId="158" groupId="1" />
		<row id="166" userId="159" groupId="1" />
		<row id="167" userId="160" groupId="1" />
		<row id="168" userId="161" groupId="1" />
		<row id="169" userId="162" groupId="1" />
		<row id="170" userId="163" groupId="1" />
		<row id="171" userId="164" groupId="1" />
		<row id="172" userId="165" groupId="1" />
		<row id="173" userId="166" groupId="1" />
		<row id="174" userId="167" groupId="1" />
		<row id="175" userId="168" groupId="1" />
		<row id="176" userId="169" groupId="1" />
		<row id="177" userId="170" groupId="1" />
		<row id="178" userId="171" groupId="1" />
		<row id="179" userId="172" groupId="1" />
		<row id="180" userId="173" groupId="1" />
		<row id="181" userId="174" groupId="1" />
		<row id="182" userId="175" groupId="1" />
		<row id="183" userId="176" groupId="1" />
		<row id="184" userId="23" groupId="2" />
		<row id="185" userId="26" groupId="2" />
		<row id="186" userId="29" groupId="2" />
		<row id="187" userId="30" groupId="2" />
		<row id="188" userId="31" groupId="2" />
		<row id="189" userId="8" groupId="2" />
		<row id="190" userId="33" groupId="2" />
		<row id="191" userId="9" groupId="2" />
		<row id="192" userId="36" groupId="2" />
		<row id="193" userId="37" groupId="2" />
		<row id="194" userId="39" groupId="2" />
		<row id="195" userId="38" groupId="2" />
		<row id="196" userId="12" groupId="2" />
		<row id="197" userId="52" groupId="2" />
		<row id="198" userId="55" groupId="2" />
		<row id="199" userId="53" groupId="2" />
		<row id="200" userId="57" groupId="2" />
		<row id="201" userId="60" groupId="2" />
		<row id="202" userId="61" groupId="2" />
		<row id="203" userId="59" groupId="2" />
		<row id="204" userId="16" groupId="2" />
		<row id="205" userId="62" groupId="2" />
		<row id="206" userId="63" groupId="2" />
		<row id="207" userId="65" groupId="2" />
		<row id="208" userId="66" groupId="2" />
		<row id="209" userId="67" groupId="2" />
		<row id="210" userId="71" groupId="2" />
		<row id="211" userId="76" groupId="2" />
		<row id="212" userId="78" groupId="2" />
		<row id="213" userId="77" groupId="2" />
		<row id="214" userId="79" groupId="2" />
		<row id="215" userId="80" groupId="2" />
		<row id="216" userId="84" groupId="2" />
		<row id="217" userId="17" groupId="2" />
		<row id="218" userId="10" groupId="2" />
		<row id="219" userId="94" groupId="2" />
		<row id="220" userId="97" groupId="2" />
		<row id="221" userId="98" groupId="2" />
		<row id="222" userId="99" groupId="2" />
		<row id="223" userId="101" groupId="2" />
		<row id="224" userId="102" groupId="2" />
		<row id="225" userId="104" groupId="2" />
		<row id="226" userId="105" groupId="2" />
		<row id="227" userId="106" groupId="2" />
		<row id="228" userId="107" groupId="2" />
		<row id="229" userId="110" groupId="2" />
		<row id="230" userId="111" groupId="2" />
		<row id="231" userId="113" groupId="2" />
		<row id="232" userId="114" groupId="2" />
		<row id="233" userId="117" groupId="2" />
		<row id="234" userId="120" groupId="2" />
		<row id="235" userId="125" groupId="2" />
		<row id="236" userId="126" groupId="2" />
		<row id="237" userId="121" groupId="2" />
		<row id="238" userId="129" groupId="2" />
		<row id="239" userId="130" groupId="2" />
		<row id="240" userId="18" groupId="2" />
		<row id="241" userId="133" groupId="2" />
		<row id="242" userId="132" groupId="2" />
		<row id="243" userId="11" groupId="2" />
		<row id="244" userId="136" groupId="2" />
		<row id="245" userId="134" groupId="2" />
		<row id="246" userId="135" groupId="2" />
		<row id="247" userId="137" groupId="2" />
		<row id="248" userId="138" groupId="2" />
		<row id="249" userId="144" groupId="2" />
		<row id="250" userId="145" groupId="2" />
		<row id="251" userId="149" groupId="2" />
		<row id="252" userId="157" groupId="2" />
		<row id="253" userId="162" groupId="2" />
		<row id="254" userId="161" groupId="2" />
		<row id="255" userId="166" groupId="2" />
		<row id="256" userId="163" groupId="2" />
		<row id="257" userId="164" groupId="2" />
		<row id="258" userId="19" groupId="2" />
		<row id="259" userId="175" groupId="2" />
		<row id="260" userId="172" groupId="2" />
		<row id="261" userId="174" groupId="2" />
		<row id="262" userId="176" groupId="2" />
		<row id="340" userId="8" groupId="4" />
		<row id="341" userId="9" groupId="4" />
		<row id="342" userId="20" groupId="4" />
		<row id="343" userId="38" groupId="4" />
		<row id="344" userId="7" groupId="4" />
		<row id="345" userId="53" groupId="4" />
		<row id="346" userId="10" groupId="4" />
		<row id="347" userId="100" groupId="4" />
		<row id="348" userId="11" groupId="4" />
		<row id="349" userId="6" groupId="4" />
		<row id="350" userId="158" groupId="4" />
		<row id="351" userId="172" groupId="4" />
		<row id="352" userId="26" groupId="5" />
		<row id="353" userId="28" groupId="5" />
		<row id="354" userId="30" groupId="5" />
		<row id="355" userId="8" groupId="5" />
		<row id="356" userId="20" groupId="5" />
		<row id="357" userId="37" groupId="5" />
		<row id="358" userId="39" groupId="5" />
		<row id="359" userId="38" groupId="5" />
		<row id="360" userId="46" groupId="5" />
		<row id="361" userId="47" groupId="5" />
		<row id="362" userId="45" groupId="5" />
		<row id="363" userId="49" groupId="5" />
		<row id="364" userId="50" groupId="5" />
		<row id="365" userId="58" groupId="5" />
		<row id="366" userId="59" groupId="5" />
		<row id="367" userId="16" groupId="5" />
		<row id="368" userId="62" groupId="5" />
		<row id="369" userId="63" groupId="5" />
		<row id="370" userId="66" groupId="5" />
		<row id="371" userId="67" groupId="5" />
		<row id="372" userId="73" groupId="5" />
		<row id="373" userId="74" groupId="5" />
		<row id="374" userId="75" groupId="5" />
		<row id="375" userId="76" groupId="5" />
		<row id="376" userId="79" groupId="5" />
		<row id="377" userId="81" groupId="5" />
		<row id="378" userId="83" groupId="5" />
		<row id="379" userId="82" groupId="5" />
		<row id="380" userId="17" groupId="5" />
		<row id="381" userId="10" groupId="5" />
		<row id="382" userId="92" groupId="5" />
		<row id="383" userId="86" groupId="5" />
		<row id="384" userId="94" groupId="5" />
		<row id="385" userId="87" groupId="5" />
		<row id="386" userId="93" groupId="5" />
		<row id="387" userId="103" groupId="5" />
		<row id="388" userId="101" groupId="5" />
		<row id="389" userId="104" groupId="5" />
		<row id="390" userId="105" groupId="5" />
		<row id="391" userId="111" groupId="5" />
		<row id="392" userId="15" groupId="5" />
		<row id="393" userId="113" groupId="5" />
		<row id="394" userId="117" groupId="5" />
		<row id="395" userId="120" groupId="5" />
		<row id="396" userId="121" groupId="5" />
		<row id="397" userId="127" groupId="5" />
		<row id="398" userId="18" groupId="5" />
		<row id="399" userId="132" groupId="5" />
		<row id="400" userId="11" groupId="5" />
		<row id="401" userId="134" groupId="5" />
		<row id="402" userId="135" groupId="5" />
		<row id="403" userId="137" groupId="5" />
		<row id="404" userId="138" groupId="5" />
		<row id="405" userId="142" groupId="5" />
		<row id="406" userId="140" groupId="5" />
		<row id="407" userId="141" groupId="5" />
		<row id="408" userId="144" groupId="5" />
		<row id="409" userId="146" groupId="5" />
		<row id="410" userId="160" groupId="5" />
		<row id="411" userId="162" groupId="5" />
		<row id="412" userId="158" groupId="5" />
		<row id="413" userId="161" groupId="5" />
		<row id="414" userId="165" groupId="5" />
		<row id="415" userId="166" groupId="5" />
		<row id="416" userId="163" groupId="5" />
		<row id="417" userId="164" groupId="5" />
		<row id="418" userId="169" groupId="5" />
		<row id="419" userId="175" groupId="5" />
		<row id="420" userId="176" groupId="5" />
		<row id="445" userId="8" groupId="7" />
		<row id="446" userId="9" groupId="7" />
		<row id="447" userId="38" groupId="7" />
		<row id="449" userId="7" groupId="7" />
		<row id="452" userId="17" groupId="7" />
		<row id="453" userId="10" groupId="7" />
		<row id="458" userId="132" groupId="7" />
		<row id="459" userId="11" groupId="7" />
		<row id="462" userId="162" groupId="7" />
		<row id="465" userId="8" groupId="8" />
		<row id="466" userId="9" groupId="8" />
		<row id="467" userId="38" groupId="8" />
		<row id="468" userId="12" groupId="8" />
		<row id="469" userId="45" groupId="8" />
		<row id="470" userId="7" groupId="8" />
		<row id="471" userId="53" groupId="8" />
		<row id="472" userId="13" groupId="8" />
		<row id="473" userId="79" groupId="8" />
		<row id="474" userId="83" groupId="8" />
		<row id="475" userId="17" groupId="8" />
		<row id="476" userId="10" groupId="8" />
		<row id="477" userId="123" groupId="8" />
		<row id="478" userId="11" groupId="8" />
		<row id="479" userId="134" groupId="8" />
		<row id="480" userId="142" groupId="8" />
		<row id="481" userId="162" groupId="8" />
		<row id="482" userId="166" groupId="8" />
		<row id="483" userId="168" groupId="8" />
		<row id="484" userId="19" groupId="8" />
		<row id="485" userId="173" groupId="8" />
		<row id="486" userId="8" groupId="9" />
		<row id="487" userId="9" groupId="9" />
		<row id="488" userId="38" groupId="9" />
		<row id="489" userId="7" groupId="9" />
		<row id="490" userId="52" groupId="9" />
		<row id="491" userId="59" groupId="9" />
		<row id="492" userId="72" groupId="9" />
		<row id="493" userId="79" groupId="9" />
		<row id="494" userId="10" groupId="9" />
		<row id="495" userId="97" groupId="9" />
		<row id="496" userId="98" groupId="9" />
		<row id="497" userId="102" groupId="9" />
		<row id="498" userId="117" groupId="9" />
		<row id="499" userId="120" groupId="9" />
		<row id="500" userId="125" groupId="9" />
		<row id="501" userId="130" groupId="9" />
		<row id="502" userId="11" groupId="9" />
		<row id="503" userId="134" groupId="9" />
		<row id="504" userId="142" groupId="9" />
		<row id="505" userId="162" groupId="9" />
		<row id="506" userId="173" groupId="9" />
		<row id="507" userId="174" groupId="9" />
		<row id="508" userId="8" groupId="10" />
		<row id="509" userId="9" groupId="10" />
		<row id="510" userId="53" groupId="10" />
		<row id="511" userId="71" groupId="10" />
		<row id="512" userId="10" groupId="10" />
		<row id="513" userId="100" groupId="10" />
		<row id="514" userId="11" groupId="10" />
		<row id="515" userId="6" groupId="10" />
		<row id="516" userId="172" groupId="10" />
		<row id="517" userId="8" groupId="11" />
		<row id="518" userId="9" groupId="11" />
		<row id="519" userId="10" groupId="11" />
		<row id="520" userId="11" groupId="11" />
		<row id="521" userId="22" groupId="12" />
		<row id="522" userId="23" groupId="12" />
		<row id="523" userId="25" groupId="12" />
		<row id="524" userId="26" groupId="12" />
		<row id="525" userId="31" groupId="12" />
		<row id="526" userId="8" groupId="12" />
		<row id="527" userId="9" groupId="12" />
		<row id="528" userId="36" groupId="12" />
		<row id="529" userId="20" groupId="12" />
		<row id="530" userId="37" groupId="12" />
		<row id="531" userId="39" groupId="12" />
		<row id="532" userId="38" groupId="12" />
		<row id="533" userId="12" groupId="12" />
		<row id="534" userId="45" groupId="12" />
		<row id="535" userId="7" groupId="12" />
		<row id="536" userId="52" groupId="12" />
		<row id="537" userId="53" groupId="12" />
		<row id="538" userId="60" groupId="12" />
		<row id="539" userId="59" groupId="12" />
		<row id="540" userId="62" groupId="12" />
		<row id="541" userId="63" groupId="12" />
		<row id="542" userId="65" groupId="12" />
		<row id="543" userId="66" groupId="12" />
		<row id="544" userId="70" groupId="12" />
		<row id="545" userId="67" groupId="12" />
		<row id="546" userId="71" groupId="12" />
		<row id="547" userId="73" groupId="12" />
		<row id="548" userId="76" groupId="12" />
		<row id="549" userId="77" groupId="12" />
		<row id="550" userId="79" groupId="12" />
		<row id="551" userId="80" groupId="12" />
		<row id="552" userId="82" groupId="12" />
		<row id="553" userId="85" groupId="12" />
		<row id="554" userId="17" groupId="12" />
		<row id="555" userId="10" groupId="12" />
		<row id="556" userId="95" groupId="12" />
		<row id="557" userId="93" groupId="12" />
		<row id="558" userId="97" groupId="12" />
		<row id="559" userId="98" groupId="12" />
		<row id="560" userId="100" groupId="12" />
		<row id="561" userId="102" groupId="12" />
		<row id="562" userId="105" groupId="12" />
		<row id="563" userId="106" groupId="12" />
		<row id="564" userId="110" groupId="12" />
		<row id="565" userId="111" groupId="12" />
		<row id="566" userId="114" groupId="12" />
		<row id="567" userId="117" groupId="12" />
		<row id="568" userId="120" groupId="12" />
		<row id="569" userId="127" groupId="12" />
		<row id="570" userId="129" groupId="12" />
		<row id="571" userId="133" groupId="12" />
		<row id="572" userId="132" groupId="12" />
		<row id="573" userId="11" groupId="12" />
		<row id="574" userId="134" groupId="12" />
		<row id="575" userId="135" groupId="12" />
		<row id="576" userId="137" groupId="12" />
		<row id="577" userId="144" groupId="12" />
		<row id="578" userId="149" groupId="12" />
		<row id="579" userId="6" groupId="12" />
		<row id="580" userId="157" groupId="12" />
		<row id="581" userId="156" groupId="12" />
		<row id="582" userId="158" groupId="12" />
		<row id="583" userId="166" groupId="12" />
		<row id="584" userId="163" groupId="12" />
		<row id="585" userId="164" groupId="12" />
		<row id="586" userId="169" groupId="12" />
		<row id="587" userId="19" groupId="12" />
		<row id="588" userId="175" groupId="12" />
		<row id="589" userId="172" groupId="12" />
		<row id="590" userId="174" groupId="12" />
		<row id="591" userId="176" groupId="12" />
		<row id="592" userId="8" groupId="13" />
		<row id="593" userId="9" groupId="13" />
		<row id="594" userId="45" groupId="13" />
		<row id="595" userId="7" groupId="13" />
		<row id="596" userId="59" groupId="13" />
		<row id="597" userId="14" groupId="13" />
		<row id="598" userId="82" groupId="13" />
		<row id="599" userId="10" groupId="13" />
		<row id="600" userId="105" groupId="13" />
		<row id="601" userId="117" groupId="13" />
		<row id="603" userId="130" groupId="13" />
		<row id="604" userId="131" groupId="13" />
		<row id="605" userId="11" groupId="13" />
		<row id="606" userId="138" groupId="13" />
		<row id="607" userId="146" groupId="13" />
		<row id="608" userId="164" groupId="13" />
		<row id="609" userId="174" groupId="13" />
		<row id="611" userId="79" groupId="16" />
		<row id="612" userId="81" groupId="16" />
		<row id="613" userId="101" groupId="16" />
		<row id="614" userId="52" groupId="16" />
		<row id="615" userId="81" groupId="2" />
		<row id="616" userId="156" groupId="2" />
		<row id="617" userId="163" groupId="10" />
		<row id="618" userId="94" groupId="10" />
		<row id="619" userId="146" groupId="10" />
		<row id="620" userId="45" groupId="10" />
		<row id="621" userId="45" groupId="2" />
		<row id="622" userId="94" groupId="13" />
		<row id="623" userId="38" groupId="13" />
		<row id="624" userId="100" groupId="13" />
		<row id="625" userId="114" groupId="13" />
		<row id="626" userId="71" groupId="13" />
		<row id="627" userId="94" groupId="8" />
		<row id="628" userId="23" groupId="8" />
		<row id="629" userId="132" groupId="4" />
		<row id="630" userId="17" groupId="4" />
		<row id="631" userId="98" groupId="10" />
		<row id="632" userId="177" groupId="1" />
		<row id="633" userId="177" groupId="8" />
		<row id="634" userId="98" groupId="4" />
		<row id="635" userId="59" groupId="4" />
		<row id="636" userId="52" groupId="4" />
		<row id="637" userId="95" groupId="4" />
		<row id="638" userId="15" groupId="8" />
		<row id="639" userId="97" groupId="10" />
		<row id="640" userId="130" groupId="11" />
		<row id="641" userId="102" groupId="11" />
		<row id="642" userId="175" groupId="11" />
		<row id="643" userId="31" groupId="11" />
		<row id="644" userId="134" groupId="11" />
		<row id="645" userId="162" groupId="11" />
		<row id="646" userId="125" groupId="11" />
		<row id="647" userId="52" groupId="11" />
		<row id="648" userId="20" groupId="10" />
		<row id="826" userId="25" groupId="19" />
		<row id="827" userId="131" groupId="2" />
		<row id="828" userId="27" groupId="19" />
		<row id="829" userId="9" groupId="19" />
		<row id="830" userId="38" groupId="19" />
		<row id="831" userId="12" groupId="19" />
		<row id="832" userId="45" groupId="19" />
		<row id="833" userId="7" groupId="19" />
		<row id="834" userId="58" groupId="19" />
		<row id="835" userId="16" groupId="19" />
		<row id="836" userId="63" groupId="19" />
		<row id="837" userId="66" groupId="19" />
		<row id="838" userId="67" groupId="19" />
		<row id="839" userId="76" groupId="19" />
		<row id="840" userId="77" groupId="19" />
		<row id="841" userId="14" groupId="19" />
		<row id="842" userId="82" groupId="19" />
		<row id="843" userId="17" groupId="19" />
		<row id="844" userId="10" groupId="19" />
		<row id="845" userId="110" groupId="19" />
		<row id="846" userId="111" groupId="19" />
		<row id="847" userId="15" groupId="19" />
		<row id="848" userId="18" groupId="19" />
		<row id="849" userId="11" groupId="19" />
		<row id="850" userId="20" groupId="19" />
		<row id="851" userId="6" groupId="19" />
		<row id="852" userId="164" groupId="19" />
		<row id="853" userId="19" groupId="19" />
		<row id="854" userId="172" groupId="19" />
		<row id="855" userId="176" groupId="19" />
		<row id="856" userId="25" groupId="20" />
		<row id="857" userId="27" groupId="20" />
		<row id="858" userId="8" groupId="20" />
		<row id="859" userId="9" groupId="20" />
		<row id="860" userId="12" groupId="20" />
		<row id="861" userId="45" groupId="20" />
		<row id="862" userId="7" groupId="20" />
		<row id="863" userId="58" groupId="20" />
		<row id="864" userId="16" groupId="20" />
		<row id="865" userId="63" groupId="20" />
		<row id="866" userId="66" groupId="20" />
		<row id="867" userId="67" groupId="20" />
		<row id="868" userId="76" groupId="20" />
		<row id="869" userId="77" groupId="20" />
		<row id="870" userId="14" groupId="20" />
		<row id="871" userId="82" groupId="20" />
		<row id="872" userId="17" groupId="20" />
		<row id="873" userId="10" groupId="20" />
		<row id="874" userId="100" groupId="20" />
		<row id="875" userId="106" groupId="20" />
		<row id="876" userId="100" groupId="19" />
		<row id="877" userId="106" groupId="19" />
		<row id="878" userId="110" groupId="20" />
		<row id="879" userId="111" groupId="20" />
		<row id="880" userId="15" groupId="20" />
		<row id="881" userId="18" groupId="20" />
		<row id="882" userId="11" groupId="20" />
		<row id="883" userId="20" groupId="20" />
		<row id="884" userId="6" groupId="20" />
		<row id="885" userId="164" groupId="20" />
		<row id="886" userId="19" groupId="20" />
		<row id="887" userId="105" groupId="10" />
		<row id="888" userId="36" groupId="19" />
		<row id="889" userId="36" groupId="20" />
		<row id="890" userId="178" groupId="1" />
		<row id="891" userId="178" groupId="2" />
		<row id="892" userId="25" groupId="10" />
		<row id="893" userId="168" groupId="10" />
		<row id="894" userId="134" groupId="10" />
		<row id="895" userId="59" groupId="10" />
		<row id="896" userId="76" groupId="10" />
		<row id="897" userId="179" groupId="1" />
		<row id="898" userId="179" groupId="2" />
		<row id="899" userId="127" groupId="2" />
		<row id="900" userId="180" groupId="1" />
		<row id="901" userId="153" groupId="2" />
		<row id="902" userId="151" groupId="2" />
		<row id="903" userId="181" groupId="1" />
		<row id="904" userId="181" groupId="2" />
		<row id="905" userId="182" groupId="1" />
		<row id="906" userId="183" groupId="1" />
		<row id="907" userId="183" groupId="2" />
		<row id="908" userId="182" groupId="2" />
		<row id="909" userId="38" groupId="10" />
		<row id="910" userId="38" groupId="11" />
		<row id="911" userId="177" groupId="5" />
		<row id="912" userId="31" groupId="5" />
		<row id="914" userId="184" groupId="1" />
		<row id="915" userId="184" groupId="2" />
		<row id="916" userId="164" groupId="10" />
		<row id="917" userId="185" groupId="1" />
		<row id="918" userId="185" groupId="2" />
		<row id="919" userId="52" groupId="10" />
		<row id="920" userId="186" groupId="1" />
		<row id="921" userId="186" groupId="2" />
		<row id="922" userId="134" groupId="7" />
		<row id="923" userId="59" groupId="11" />
		<row id="924" userId="72" groupId="11" />
		<row id="925" userId="187" groupId="1" />
		<row id="926" userId="187" groupId="2" />
		<row id="927" userId="188" groupId="1" />
		<row id="928" userId="71" groupId="4" />
		<row id="929" userId="174" groupId="10" />
		<row id="930" userId="123" groupId="5" />
		<row id="932" userId="189" groupId="1" />
		<row id="933" userId="190" groupId="1" />
		<row id="934" userId="117" groupId="10" />
		<row id="935" userId="77" groupId="10" />
		<row id="936" userId="153" groupId="10" />
		<row id="937" userId="17" groupId="10" />
		<row id="938" userId="121" groupId="10" />
		<row id="939" userId="191" groupId="1" />
		<row id="941" userId="129" groupId="5" />
		<row id="942" userId="20" groupId="9" />
		<row id="943" userId="164" groupId="11" />
		<row id="944" userId="45" groupId="11" />
		<row id="945" userId="138" groupId="11" />
		<row id="946" userId="138" groupId="12" />
		<row id="947" userId="14" groupId="8" />
		<row id="948" userId="53" groupId="9" />
		<row id="949" userId="127" groupId="11" />
		<row id="950" userId="117" groupId="11" />
		<row id="951" userId="174" groupId="11" />
		<row id="952" userId="105" groupId="11" />
		<row id="953" userId="82" groupId="11" />
		<row id="954" userId="82" groupId="2" />
		<row id="955" userId="192" groupId="1" />
		<row id="956" userId="192" groupId="2" />
		<row id="957" userId="193" groupId="1" />
		<row id="958" userId="194" groupId="1" />
		<row id="959" userId="134" groupId="4" />
		<row id="960" userId="191" groupId="4" />
		<row id="961" userId="82" groupId="9" />
		<row id="962" userId="195" groupId="1" />
		<row id="963" userId="195" groupId="10" />
		<row id="964" userId="196" groupId="1" />
		<row id="965" userId="127" groupId="10" />
		<row id="966" userId="101" groupId="10" />
		<row id="967" userId="20" groupId="2" />
		<row id="968" userId="197" groupId="1" />
		<row id="969" userId="197" groupId="5" />
		<row id="970" userId="198" groupId="1" />
		<row id="971" userId="199" groupId="1" />
		<row id="972" userId="199" groupId="4" />
		<row id="973" userId="162" groupId="4" />
		<row id="974" userId="200" groupId="1" />
		<row id="975" userId="201" groupId="1" />
		<row id="976" userId="202" groupId="1" />
		<row id="977" userId="201" groupId="4" />
		<row id="978" userId="202" groupId="4" />
		<row id="979" userId="203" groupId="1" />
		<row id="980" userId="204" groupId="1" />
		<row id="981" userId="205" groupId="1" />
		<row id="982" userId="206" groupId="1" />
		<row id="983" userId="207" groupId="1" />
		<row id="984" userId="208" groupId="1" />
		<row id="985" userId="209" groupId="1" />
		<row id="986" userId="210" groupId="1" />
		<row id="987" userId="211" groupId="1" />
		<row id="988" userId="212" groupId="1" />
		<row id="989" userId="213" groupId="1" />
		<row id="990" userId="214" groupId="1" />
		<row id="991" userId="215" groupId="1" />
		<row id="992" userId="216" groupId="1" />
		<row id="993" userId="217" groupId="1" />
		<row id="994" userId="218" groupId="1" />
		<row id="995" userId="219" groupId="1" />
		<row id="996" userId="220" groupId="1" />
		<row id="997" userId="221" groupId="1" />
		<row id="998" userId="222" groupId="1" />
		<row id="999" userId="223" groupId="1" />
		<row id="1000" userId="224" groupId="1" />
		<row id="1001" userId="225" groupId="1" />
		<row id="1002" userId="226" groupId="1" />
		<row id="1003" userId="227" groupId="1" />
		<row id="1004" userId="228" groupId="1" />
		<row id="1005" userId="229" groupId="1" />
		<row id="1006" userId="230" groupId="1" />
		<row id="1007" userId="231" groupId="1" />
		<row id="1008" userId="232" groupId="1" />
		<row id="1009" userId="233" groupId="1" />
		<row id="1010" userId="234" groupId="1" />
		<row id="1011" userId="235" groupId="1" />
		<row id="1012" userId="236" groupId="1" />
		<row id="1013" userId="237" groupId="1" />
		<row id="1014" userId="238" groupId="1" />
		<row id="1015" userId="239" groupId="1" />
		<row id="1016" userId="240" groupId="1" />
		<row id="1017" userId="241" groupId="1" />
		<row id="1018" userId="242" groupId="1" />
		<row id="1019" userId="243" groupId="1" />
		<row id="1020" userId="244" groupId="1" />
		<row id="1021" userId="245" groupId="1" />
		<row id="1022" userId="246" groupId="1" />
		<row id="1023" userId="247" groupId="1" />
		<row id="1024" userId="248" groupId="1" />
		<row id="1025" userId="249" groupId="1" />
		<row id="1026" userId="250" groupId="1" />
		<row id="1027" userId="251" groupId="1" />
		<row id="1028" userId="252" groupId="1" />
		<row id="1029" userId="253" groupId="1" />
		<row id="1030" userId="254" groupId="1" />
		<row id="1031" userId="255" groupId="1" />
		<row id="1032" userId="256" groupId="1" />
		<row id="1033" userId="257" groupId="1" />
		<row id="1034" userId="258" groupId="1" />
		<row id="1035" userId="259" groupId="1" />
		<row id="1036" userId="260" groupId="1" />
		<row id="1037" userId="261" groupId="1" />
		<row id="1038" userId="262" groupId="1" />
		<row id="1039" userId="263" groupId="1" />
		<row id="1040" userId="264" groupId="1" />
		<row id="1041" userId="265" groupId="1" />
		<row id="1042" userId="266" groupId="1" />
		<row id="1043" userId="267" groupId="1" />
		<row id="1044" userId="268" groupId="1" />
		<row id="1045" userId="269" groupId="1" />
		<row id="1046" userId="270" groupId="1" />
		<row id="1047" userId="271" groupId="1" />
		<row id="1048" userId="272" groupId="1" />
		<row id="1049" userId="273" groupId="1" />
		<row id="1050" userId="274" groupId="1" />
		<row id="1051" userId="275" groupId="1" />
		<row id="1052" userId="276" groupId="1" />
		<row id="1053" userId="277" groupId="1" />
		<row id="1054" userId="278" groupId="1" />
		<row id="1055" userId="279" groupId="1" />
		<row id="1056" userId="280" groupId="1" />
		<row id="1057" userId="281" groupId="1" />
		<row id="1058" userId="282" groupId="1" />
		<row id="1059" userId="283" groupId="1" />
		<row id="1060" userId="284" groupId="1" />
		<row id="1061" userId="285" groupId="1" />
		<row id="1062" userId="286" groupId="1" />
		<row id="1063" userId="287" groupId="1" />
		<row id="1064" userId="288" groupId="1" />
		<row id="1065" userId="289" groupId="1" />
		<row id="1066" userId="290" groupId="1" />
		<row id="1067" userId="291" groupId="1" />
		<row id="1068" userId="292" groupId="1" />
		<row id="1069" userId="293" groupId="1" />
		<row id="1070" userId="294" groupId="1" />
		<row id="1071" userId="295" groupId="1" />
		<row id="1072" userId="296" groupId="1" />
		<row id="1073" userId="297" groupId="1" />
		<row id="1074" userId="298" groupId="1" />
		<row id="1075" userId="299" groupId="1" />
		<row id="1076" userId="300" groupId="1" />
		<row id="1077" userId="301" groupId="1" />
		<row id="1078" userId="302" groupId="1" />
		<row id="1079" userId="303" groupId="1" />
		<row id="1080" userId="304" groupId="1" />
		<row id="1081" userId="305" groupId="1" />
		<row id="1082" userId="306" groupId="1" />
		<row id="1083" userId="307" groupId="1" />
		<row id="1084" userId="308" groupId="1" />
		<row id="1085" userId="309" groupId="1" />
		<row id="1086" userId="310" groupId="1" />
		<row id="1087" userId="311" groupId="1" />
		<row id="1088" userId="312" groupId="1" />
		<row id="1089" userId="313" groupId="1" />
		<row id="1090" userId="314" groupId="1" />
		<row id="1091" userId="315" groupId="1" />
		<row id="1092" userId="316" groupId="1" />
		<row id="1093" userId="317" groupId="1" />
		<row id="1094" userId="318" groupId="1" />
		<row id="1095" userId="319" groupId="1" />
		<row id="1096" userId="320" groupId="1" />
		<row id="1097" userId="321" groupId="1" />
		<row id="1098" userId="322" groupId="1" />
		<row id="1099" userId="323" groupId="1" />
		<row id="1100" userId="324" groupId="1" />
		<row id="1101" userId="325" groupId="1" />
		<row id="1102" userId="326" groupId="1" />
		<row id="1103" userId="327" groupId="1" />
		<row id="1104" userId="328" groupId="1" />
		<row id="1105" userId="329" groupId="1" />
		<row id="1106" userId="330" groupId="1" />
		<row id="1107" userId="331" groupId="1" />
		<row id="1108" userId="332" groupId="1" />
		<row id="1109" userId="333" groupId="1" />
		<row id="1110" userId="334" groupId="1" />
		<row id="1111" userId="335" groupId="1" />
		<row id="1112" userId="336" groupId="1" />
		<row id="1113" userId="337" groupId="1" />
		<row id="1114" userId="338" groupId="1" />
		<row id="1115" userId="339" groupId="1" />
		<row id="1116" userId="340" groupId="1" />
		<row id="1117" userId="341" groupId="1" />
		<row id="1118" userId="342" groupId="1" />
		<row id="1119" userId="343" groupId="1" />
		<row id="1120" userId="344" groupId="1" />
		<row id="1121" userId="345" groupId="1" />
		<row id="1122" userId="346" groupId="1" />
		<row id="1123" userId="347" groupId="1" />
		<row id="1124" userId="348" groupId="1" />
		<row id="1125" userId="349" groupId="1" />
		<row id="1126" userId="350" groupId="1" />
		<row id="1127" userId="351" groupId="1" />
		<row id="1128" userId="352" groupId="1" />
		<row id="1129" userId="353" groupId="1" />
		<row id="1130" userId="354" groupId="1" />
		<row id="1131" userId="355" groupId="1" />
		<row id="1132" userId="356" groupId="1" />
		<row id="1133" userId="357" groupId="1" />
		<row id="1134" userId="358" groupId="1" />
		<row id="1135" userId="359" groupId="1" />
		<row id="1136" userId="360" groupId="1" />
		<row id="1137" userId="361" groupId="1" />
		<row id="1138" userId="362" groupId="1" />
		<row id="1139" userId="363" groupId="1" />
		<row id="1140" userId="364" groupId="1" />
		<row id="1141" userId="365" groupId="1" />
		<row id="1142" userId="366" groupId="1" />
		<row id="1143" userId="367" groupId="1" />
		<row id="1144" userId="368" groupId="1" />
		<row id="1145" userId="369" groupId="1" />
		<row id="1146" userId="370" groupId="1" />
		<row id="1147" userId="371" groupId="1" />
		<row id="1148" userId="372" groupId="1" />
		<row id="1149" userId="373" groupId="1" />
		<row id="1150" userId="374" groupId="1" />
		<row id="1151" userId="375" groupId="1" />
		<row id="1152" userId="376" groupId="1" />
		<row id="1153" userId="377" groupId="1" />
		<row id="1154" userId="378" groupId="1" />
		<row id="1155" userId="379" groupId="1" />
		<row id="1156" userId="380" groupId="1" />
		<row id="1157" userId="381" groupId="1" />
		<row id="1158" userId="382" groupId="1" />
		<row id="1159" userId="383" groupId="1" />
		<row id="1160" userId="384" groupId="1" />
		<row id="1161" userId="385" groupId="1" />
		<row id="1162" userId="386" groupId="1" />
		<row id="1163" userId="387" groupId="1" />
		<row id="1164" userId="388" groupId="1" />
		<row id="1165" userId="389" groupId="1" />
		<row id="1166" userId="390" groupId="1" />
		<row id="1167" userId="391" groupId="1" />
		<row id="1168" userId="392" groupId="1" />
		<row id="1169" userId="393" groupId="1" />
		<row id="1170" userId="394" groupId="1" />
		<row id="1171" userId="395" groupId="1" />
		<row id="1172" userId="396" groupId="1" />
		<row id="1173" userId="397" groupId="1" />
		<row id="1174" userId="398" groupId="1" />
		<row id="1175" userId="399" groupId="1" />
		<row id="1176" userId="400" groupId="1" />
		<row id="1177" userId="401" groupId="1" />
		<row id="1178" userId="402" groupId="1" />
		<row id="1179" userId="403" groupId="1" />
		<row id="1180" userId="404" groupId="1" />
		<row id="1181" userId="405" groupId="1" />
		<row id="1182" userId="406" groupId="1" />
		<row id="1183" userId="407" groupId="1" />
		<row id="1184" userId="408" groupId="1" />
		<row id="1185" userId="409" groupId="1" />
		<row id="1186" userId="410" groupId="1" />
		<row id="1187" userId="411" groupId="1" />
		<row id="1188" userId="412" groupId="1" />
		<row id="1189" userId="413" groupId="1" />
		<row id="1190" userId="414" groupId="1" />
		<row id="1191" userId="415" groupId="1" />
		<row id="1192" userId="416" groupId="1" />
		<row id="1193" userId="417" groupId="1" />
		<row id="1194" userId="418" groupId="1" />
		<row id="1195" userId="419" groupId="1" />
		<row id="1196" userId="420" groupId="1" />
		<row id="1197" userId="421" groupId="1" />
		<row id="1198" userId="422" groupId="1" />
		<row id="1199" userId="423" groupId="1" />
		<row id="1200" userId="424" groupId="1" />
		<row id="1201" userId="425" groupId="1" />
		<row id="1202" userId="426" groupId="1" />
		<row id="1203" userId="427" groupId="1" />
		<row id="1204" userId="428" groupId="1" />
		<row id="1205" userId="429" groupId="1" />
		<row id="1206" userId="430" groupId="1" />
		<row id="1207" userId="431" groupId="1" />
		<row id="1208" userId="432" groupId="1" />
		<row id="1209" userId="433" groupId="1" />
		<row id="1210" userId="434" groupId="1" />
		<row id="1211" userId="435" groupId="1" />
		<row id="1212" userId="436" groupId="1" />
		<row id="1213" userId="437" groupId="1" />
		<row id="1214" userId="438" groupId="1" />
		<row id="1215" userId="439" groupId="1" />
		<row id="1216" userId="440" groupId="1" />
		<row id="1217" userId="441" groupId="1" />
		<row id="1218" userId="442" groupId="1" />
		<row id="1219" userId="443" groupId="1" />
		<row id="1220" userId="444" groupId="1" />
		<row id="1221" userId="445" groupId="1" />
		<row id="1222" userId="446" groupId="1" />
		<row id="1223" userId="447" groupId="1" />
		<row id="1224" userId="448" groupId="1" />
		<row id="1225" userId="449" groupId="1" />
		<row id="1226" userId="450" groupId="1" />
		<row id="1227" userId="451" groupId="1" />
		<row id="1228" userId="452" groupId="1" />
		<row id="1229" userId="453" groupId="1" />
		<row id="1230" userId="454" groupId="1" />
		<row id="1231" userId="455" groupId="1" />
		<row id="1232" userId="456" groupId="1" />
		<row id="1233" userId="457" groupId="1" />
		<row id="1234" userId="458" groupId="1" />
		<row id="1235" userId="459" groupId="1" />
		<row id="1236" userId="460" groupId="1" />
		<row id="1237" userId="461" groupId="1" />
		<row id="1238" userId="462" groupId="1" />
		<row id="1239" userId="463" groupId="1" />
		<row id="1240" userId="464" groupId="1" />
		<row id="1241" userId="465" groupId="1" />
		<row id="1242" userId="466" groupId="1" />
		<row id="1243" userId="467" groupId="1" />
		<row id="1244" userId="468" groupId="1" />
		<row id="1245" userId="469" groupId="1" />
		<row id="1246" userId="470" groupId="1" />
		<row id="1247" userId="471" groupId="1" />
		<row id="1248" userId="472" groupId="1" />
		<row id="1249" userId="473" groupId="1" />
		<row id="1250" userId="474" groupId="1" />
		<row id="1251" userId="475" groupId="1" />
		<row id="1252" userId="476" groupId="1" />
		<row id="1253" userId="477" groupId="1" />
		<row id="1254" userId="127" groupId="4" />
		<row id="1255" userId="304" groupId="2" />
		<row id="1256" userId="117" groupId="4" />
		<row id="1257" userId="298" groupId="10" />
		<row id="1258" userId="252" groupId="9" />
		<row id="1259" userId="105" groupId="9" />
		<row id="1260" userId="79" groupId="10" />
		<row id="1261" userId="197" groupId="2" />
		<row id="1262" userId="132" groupId="10" />
		<row id="1263" userId="392" groupId="10" />
		<row id="1264" userId="73" groupId="11" />
		<row id="1265" userId="478" groupId="1" />
		<row id="1266" userId="245" groupId="2" />
		<row id="1267" userId="92" groupId="2" />
		<row id="1268" userId="92" groupId="11" />
		<row id="1269" userId="196" groupId="2" />
		<row id="1270" userId="479" groupId="1" />
		<row id="1271" userId="479" groupId="2" />
		<row id="1272" userId="101" groupId="12" />
		<row id="1273" userId="184" groupId="12" />
		<row id="1274" userId="158" groupId="7" />
		<row id="1275" userId="480" groupId="1" />
		<row id="1276" userId="20" groupId="11" />
		<row id="1277" userId="100" groupId="11" />
		<row id="1278" userId="94" groupId="11" />
		<row id="1279" userId="480" groupId="7" />
		<row id="1280" userId="173" groupId="10" />
		<row id="1281" userId="94" groupId="12" />
		<row id="1282" userId="60" groupId="10" />
		<row id="1283" userId="199" groupId="10" />
		<row id="1284" userId="94" groupId="4" />
		<row id="1285" userId="79" groupId="11" />
		<row id="1286" userId="121" groupId="4" />
		<row id="1288" userId="481" groupId="1" />
		<row id="1289" userId="481" groupId="4" />
		<row id="1290" userId="104" groupId="10" />
		<row id="1291" userId="104" groupId="12" />
		<row id="1292" userId="328" groupId="2" />
		<row id="1293" userId="482" groupId="1" />
		<row id="1294" userId="82" groupId="10" />
		<row id="1295" userId="483" groupId="1" />
		<row id="1296" userId="481" groupId="10" />
		<row id="1298" userId="199" groupId="12" />
		<row id="1299" userId="481" groupId="12" />
		<row id="1300" userId="202" groupId="12" />
		<row id="1301" userId="484" groupId="1" />
		<row id="1302" userId="485" groupId="1" />
		<row id="1303" userId="484" groupId="12" />
		<row id="1304" userId="138" groupId="10" />
		<row id="1305" userId="486" groupId="1" />
		<row id="1306" userId="481" groupId="2" />
		<row id="1307" userId="487" groupId="1" />
		<row id="1308" userId="487" groupId="2" />
		<row id="1309" userId="38" groupId="21" />
		<row id="1310" userId="9" groupId="21" />
		<row id="1311" userId="151" groupId="21" />
		<row id="1312" userId="298" groupId="12" />
		<row id="1313" userId="298" groupId="9" />
		<row id="1314" userId="298" groupId="4" />
		<row id="1315" userId="488" groupId="1" />
		<row id="1316" userId="488" groupId="13" />
		<row id="1318" userId="99" groupId="10" />
		<row id="1319" userId="489" groupId="1" />
		<row id="1320" userId="99" groupId="21" />
		<row id="1321" userId="65" groupId="21" />
		<row id="1322" userId="20" groupId="21" />
		<row id="1323" userId="184" groupId="21" />
		<row id="1324" userId="94" groupId="21" />
		<row id="1325" userId="329" groupId="21" />
		<row id="1326" userId="483" groupId="12" />
		<row id="1327" userId="94" groupId="7" />
		<row id="1328" userId="490" groupId="1" />
		<row id="1329" userId="490" groupId="2" />
		<row id="1330" userId="484" groupId="10" />
		<row id="1331" userId="327" groupId="9" />
		<row id="1332" userId="491" groupId="1" />
		<row id="1333" userId="491" groupId="14" />
		<row id="1334" userId="491" groupId="8" />
		<row id="1335" userId="327" groupId="12" />
		<row id="1336" userId="492" groupId="1" />
		<row id="1337" userId="162" groupId="21" />
		<row id="1338" userId="106" groupId="21" />
		<row id="1339" userId="100" groupId="21" />
		<row id="1340" userId="298" groupId="21" />
		<row id="1341" userId="191" groupId="21" />
		<row id="1342" userId="493" groupId="1" />
		<row id="1343" userId="327" groupId="10" />
		<row id="1344" userId="494" groupId="1" />
		<row id="1345" userId="494" groupId="8" />
		<row id="1346" userId="492" groupId="11" />
		<row id="1347" userId="329" groupId="2" />
		<row id="1348" userId="6" groupId="8" />
		<row id="1349" userId="495" groupId="1" />
		<row id="1350" userId="495" groupId="8" />
		<row id="1351" userId="496" groupId="1" />
		<row id="1352" userId="496" groupId="2" />
		<row id="1353" userId="497" groupId="1" />
		<row id="1354" userId="497" groupId="2" />
		<row id="1355" userId="159" groupId="2" />
		<row id="1356" userId="492" groupId="10" />
		<row id="1357" userId="498" groupId="1" />
		<row id="1358" userId="498" groupId="12" />
		<row id="1359" userId="497" groupId="8" />
		<row id="1360" userId="243" groupId="21" />
		<row id="1361" userId="328" groupId="12" />
		<row id="1362" userId="498" groupId="10" />
		<row id="1363" userId="489" groupId="10" />
		<row id="1364" userId="499" groupId="1" />
		<row id="1366" userId="500" groupId="1" />
		<row id="1367" userId="500" groupId="10" />
		<row id="1368" userId="500" groupId="9" />
		<row id="1369" userId="500" groupId="12" />
		<row id="1370" userId="133" groupId="5" />
		<row id="1371" userId="493" groupId="21" />
		<row id="1372" userId="67" groupId="8" />
		<row id="1373" userId="63" groupId="8" />
		<row id="1374" userId="77" groupId="8" />
		<row id="1375" userId="492" groupId="9" />
		<row id="1376" userId="501" groupId="1" />
		<row id="1377" userId="502" groupId="1" />
		<row id="1378" userId="503" groupId="1" />
		<row id="1379" userId="504" groupId="1" />
		<row id="1380" userId="503" groupId="10" />
		<row id="1381" userId="502" groupId="10" />
		<row id="1382" userId="501" groupId="10" />
		<row id="1384" userId="197" groupId="9" />
		<row id="1385" userId="127" groupId="9" />
		<row id="1386" userId="505" groupId="1" />
		<row id="1387" userId="101" groupId="9" />
		<row id="1388" userId="121" groupId="11" />
		<row id="1389" userId="94" groupId="9" />
		<row id="1390" userId="506" groupId="1" />
		<row id="1391" userId="506" groupId="2" />
		<row id="1392" userId="201" groupId="10" />
		<row id="1393" userId="491" groupId="9" />
		<row id="1394" userId="507" groupId="1" />
		<row id="1395" userId="508" groupId="1" />
		<row id="1396" userId="508" groupId="10" />
		<row id="1397" userId="508" groupId="2" />
		<row id="1398" userId="509" groupId="1" />
		<row id="1399" userId="506" groupId="10" />
		<row id="1400" userId="487" groupId="10" />
		<row id="1401" userId="507" groupId="10" />
		<row id="1402" userId="4" groupId="2" />
		<row id="1403" userId="509" groupId="10" />
		<row id="1404" userId="509" groupId="2" />
		<row id="1405" userId="509" groupId="4" />
		<row id="1406" userId="509" groupId="7" />
		<row id="1407" userId="509" groupId="9" />
		<row id="1408" userId="509" groupId="11" />
		<row id="1409" userId="509" groupId="12" />
		<row id="1410" userId="491" groupId="10" />
		<row id="1411" userId="491" groupId="21" />
		<row id="1412" userId="510" groupId="1" />
		<row id="1413" userId="168" groupId="21" />
		<row id="1414" userId="510" groupId="21" />
		<row id="1415" userId="511" groupId="1" />
		<row id="1416" userId="511" groupId="10" />
		<row id="1417" userId="512" groupId="1" />
		<row id="1418" userId="492" groupId="2" />
		<row id="1419" userId="190" groupId="2" />
		<row id="1420" userId="405" groupId="2" />
		<row id="1421" userId="327" groupId="2" />
		<row id="1422" userId="13" groupId="2" />
		<row id="1423" userId="13" groupId="4" />
		<row id="1424" userId="13" groupId="7" />
		<row id="1425" userId="13" groupId="9" />
		<row id="1426" userId="13" groupId="10" />
		<row id="1427" userId="13" groupId="11" />
		<row id="1428" userId="13" groupId="12" />
		<row id="1429" userId="13" groupId="5" />
		<row id="1430" userId="513" groupId="1" />
		<row id="1431" userId="135" groupId="9" />
		<row id="1432" userId="514" groupId="1" />
		<row id="1433" userId="506" groupId="21" />
		<row id="1434" userId="484" groupId="21" />
		<row id="1435" userId="498" groupId="21" />
		<row id="1436" userId="121" groupId="21" />
		<row id="1437" userId="60" groupId="21" />
		<row id="1438" userId="63" groupId="21" />
		<row id="1439" userId="515" groupId="1" />
		<row id="1440" userId="516" groupId="1" />
		<row id="1441" userId="516" groupId="7" />
		<row id="1442" userId="516" groupId="12" />
		<row id="1443" userId="517" groupId="1" />
		<row id="1444" userId="517" groupId="2" />
		<row id="1445" userId="514" groupId="2" />
		<row id="1446" userId="9" groupId="18" />
		<row id="1447" userId="11" groupId="18" />
		<row id="1448" userId="10" groupId="18" />
		<row id="1449" userId="7" groupId="18" />
		<row id="1450" userId="151" groupId="12" />
		<row id="1451" userId="116" groupId="12" />
		<row id="1452" userId="482" groupId="12" />
		<row id="1453" userId="518" groupId="1" />
		<row id="1454" userId="518" groupId="9" />
		<row id="1455" userId="519" groupId="1" />
		<row id="1456" userId="520" groupId="1" />
		<row id="1457" userId="513" groupId="12" />
		<row id="1458" userId="164" groupId="9" />
		<row id="1459" userId="486" groupId="2" />
		<row id="1460" userId="489" groupId="12" />
		<row id="1461" userId="521" groupId="1" />
		<row id="1462" userId="16" groupId="21" />
		<row id="1463" userId="129" groupId="21" />
		<row id="1464" userId="483" groupId="21" />
		<row id="1465" userId="522" groupId="1" />
		<row id="1466" userId="489" groupId="2" />
		<row id="1467" userId="523" groupId="1" />
		<row id="1468" userId="132" groupId="9" />
		<row id="1469" userId="167" groupId="21" />
		<row id="1470" userId="53" groupId="21" />
		<row id="1471" userId="494" groupId="21" />
		<row id="1472" userId="524" groupId="1" />
		<row id="1473" userId="513" groupId="2" />
		<row id="1474" userId="156" groupId="13" />
		<row id="1475" userId="436" groupId="2" />
		<row id="1476" userId="436" groupId="18" />
		<row id="1477" userId="525" groupId="1" />
		<row id="1478" userId="526" groupId="1" />
		<row id="1479" userId="511" groupId="4" />
		<row id="1480" userId="45" groupId="4" />
		<row id="1481" userId="527" groupId="1" />
		<row id="1482" userId="527" groupId="18" />
		<row id="1484" userId="487" groupId="21" />
		<row id="1485" userId="526" groupId="12" />
		<row id="1487" userId="491" groupId="12" />
		<row id="1488" userId="489" groupId="21" />
		<row id="1489" userId="121" groupId="12" />
		<row id="1490" userId="528" groupId="1" />
		<row id="1491" userId="529" groupId="1" />
		<row id="1492" userId="529" groupId="21" />
		<row id="1493" userId="530" groupId="1" />
		<row id="1494" userId="530" groupId="12" />
		<row id="1495" userId="528" groupId="2" />
		<row id="1496" userId="531" groupId="1" />
		<row id="1497" userId="531" groupId="5" />
		<row id="1498" userId="531" groupId="21" />
		<row id="1499" userId="531" groupId="12" />
		<row id="1500" userId="532" groupId="1" />
		<row id="1501" userId="532" groupId="2" />
		<row id="1502" userId="530" groupId="2" />
		<row id="1503" userId="481" groupId="8" />
		<row id="1504" userId="533" groupId="1" />
		<row id="1505" userId="534" groupId="1" />
		<row id="1506" userId="534" groupId="8" />
		<row id="1507" userId="243" groupId="10" />
		<row id="1508" userId="190" groupId="8" />
		<row id="1509" userId="529" groupId="10" />
		<row id="1510" userId="535" groupId="1" />
		<row id="1511" userId="535" groupId="2" />
		<row id="1512" userId="533" groupId="7" />
		<row id="1513" userId="53" groupId="7" />
		<row id="1514" userId="172" groupId="11" />
		<row id="1515" userId="530" groupId="23" />
		<row id="1516" userId="38" groupId="23" />
		<row id="1517" userId="162" groupId="23" />
		<row id="1518" userId="17" groupId="23" />
		<row id="1519" userId="121" groupId="23" />
		<row id="1520" userId="481" groupId="23" />
		<row id="1521" userId="489" groupId="23" />
		<row id="1522" userId="79" groupId="23" />
		<row id="1523" userId="11" groupId="23" />
		<row id="1524" userId="16" groupId="10" />
		<row id="1525" userId="53" groupId="23" />
		<row id="1526" userId="536" groupId="1" />
		<row id="1527" userId="536" groupId="10" />
		<row id="1528" userId="101" groupId="7" />
		<row id="1529" userId="45" groupId="7" />
		<row id="1530" userId="530" groupId="5" />
		<row id="1531" userId="519" groupId="7" />
		<row id="1532" userId="537" groupId="1" />
		<row id="1533" userId="132" groupId="18" />
	</rows>
</table>