<?xml version="1.1"?>
<table name="com.smartbear.ccollab.datamodel.MetaDataDescriptionData" nrows="285" ncols="11">
	<columns>
		<column name="max" type="int" />
		<column name="validator" type="string" />
		<column name="description" type="string" />
		<column name="perUser" type="char" />
		<column name="targetType" type="string" />
		<column name="type" type="char" />
		<column name="title" type="string" />
		<column name="min" type="int" />
		<column name="id" type="int" />
		<column name="category" type="string" />
		<column name="seq" type="int" />
	</columns>
	<rows>
		<row max="2000000000" validator="" description="" perUser="N" targetType="" type="I" title="data-version" min="0" id="1" category="System" seq="0" />
		<row max="255" validator="" description="" perUser="N" targetType="" type="S" title="base-url" min="0" id="2" category="System" seq="0" />
		<row max="1" validator="" description="" perUser="N" targetType="" type="C" title="allow-mark-all-read" min="1" id="3" category="System" seq="0" />
		<row max="1" validator="" description="" perUser="N" targetType="" type="C" title="allow-sysadmin-reviews" min="1" id="4" category="System" seq="0" />
		<row max="1" validator="" description="" perUser="N" targetType="" type="C" title="allow-reopen-reviews" min="1" id="5" category="System" seq="0" />
		<row max="1" validator="" description="" perUser="N" targetType="" type="C" title="allow-delete-reviews" min="1" id="6" category="System" seq="0" />
		<row max="1" validator="" description="" perUser="N" targetType="" type="C" title="allow-reject-reviews" min="1" id="7" category="System" seq="0" />
		<row max="1" validator="" description="" perUser="N" targetType="" type="C" title="allow-participant-comments" min="1" id="8" category="System" seq="0" />
		<row max="1" validator="" description="" perUser="N" targetType="" type="C" title="show_issues_in_reviews" min="1" id="9" category="System" seq="0" />
		<row max="1" validator="" description="" perUser="N" targetType="" type="C" title="review_fix_defect_restricted" min="1" id="10" category="System" seq="0" />
		<row max="1" validator="" description="" perUser="N" targetType="" type="C" title="review_access_restricted" min="1" id="11" category="System" seq="0" />
		<row max="1" validator="" description="" perUser="N" targetType="" type="C" title="allow-create-reviews" min="1" id="12" category="System" seq="0" />
		<row max="1" validator="" description="" perUser="N" targetType="" type="C" title="review_archive_access_restricted" min="1" id="13" category="System" seq="0" />
		<row max="1" validator="" description="" perUser="N" targetType="" type="C" title="allow_archive_review_in_any_phase" min="1" id="14" category="System" seq="0" />
		<row max="1" validator="" description="" perUser="N" targetType="" type="C" title="review_upload_restricted" min="1" id="15" category="System" seq="0" />
		<row max="1" validator="" description="" perUser="N" targetType="" type="C" title="email_invite_enabled" min="1" id="16" category="System" seq="0" />
		<row max="255" validator="" description="" perUser="N" targetType="" type="S" title="email_invite_pattern" min="0" id="17" category="System" seq="0" />
		<row max="1" validator="" description="" perUser="N" targetType="" type="C" title="review-edit-details-after-complete" min="1" id="18" category="System" seq="0" />
		<row max="1" validator="" description="" perUser="N" targetType="" type="C" title="create-review-commit-action-item" min="1" id="19" category="System" seq="0" />
		<row max="1" validator="" description="" perUser="N" targetType="" type="C" title="show_create_user_on_home" min="1" id="20" category="System" seq="0" />
		<row max="1" validator="" description="" perUser="N" targetType="" type="C" title="show_system_dump_to_users" min="1" id="21" category="System" seq="0" />
		<row max="1" validator="" description="" perUser="N" targetType="" type="C" title="show-system-active-users-list" min="1" id="22" category="System" seq="0" />
		<row max="1" validator="" description="" perUser="N" targetType="" type="C" title="enable-markdown-comments" min="1" id="23" category="System" seq="0" />
		<row max="1" validator="" description="" perUser="N" targetType="" type="C" title="enable-missed-font-warnings" min="1" id="24" category="System" seq="0" />
		<row max="1" validator="" description="" perUser="N" targetType="" type="C" title="enable-editable-comments" min="1" id="25" category="System" seq="0" />
		<row max="255" validator="" description="" perUser="N" targetType="" type="S" title="SubscriptionsAccess" min="0" id="26" category="System" seq="0" />
		<row max="255" validator="" description="" perUser="N" targetType="" type="S" title="disallowed-sub-roles" min="0" id="27" category="System" seq="0" />
		<row max="255" validator="" description="" perUser="N" targetType="" type="S" title="SubscriptionsMode" min="0" id="28" category="System" seq="0" />
		<row max="255" validator="" description="" perUser="N" targetType="" type="S" title="show-reports-access" min="0" id="29" category="System" seq="0" />
		<row max="1" validator="" description="" perUser="N" targetType="" type="C" title="collect-metrics" min="1" id="30" category="System" seq="0" />
		<row max="1" validator="" description="" perUser="N" targetType="" type="C" title="fun-fact-auto-enabled" min="1" id="31" category="System" seq="0" />
		<row max="80" validator="" description="" perUser="N" targetType="" type="I" title="tab-width" min="1" id="32" category="System" seq="0" />
		<row max="100000" validator="" description="" perUser="N" targetType="" type="I" title="min-java-client-build" min="0" id="33" category="System" seq="0" />
		<row max="43200" validator="" description="" perUser="N" targetType="" type="I" title="login-ticket-ttl-seconds" min="-1" id="34" category="System" seq="0" />
		<row max="1" validator="" description="" perUser="N" targetType="" type="C" title="clear-cookies-on-session-end" min="1" id="35" category="System" seq="0" />
		<row max="1" validator="" description="" perUser="N" targetType="" type="C" title="secureAuthenticationCookies" min="1" id="36" category="System" seq="0" />
		<row max="100000" validator="" description="" perUser="N" targetType="" type="I" title="min-dotnet-client-build" min="0" id="37" category="System" seq="0" />
		<row max="365" validator="" description="" perUser="N" targetType="" type="I" title="review-deadline-default" min="0" id="38" category="System" seq="0" />
		<row max="1" validator="" description="" perUser="N" targetType="" type="C" title="send-email-from-user" min="1" id="39" category="System" seq="0" />
		<row max="255" validator="" description="" perUser="N" targetType="" type="S" title="mail_from" min="0" id="40" category="System" seq="0" />
		<row max="255" validator="" description="" perUser="N" targetType="" type="S" title="mail_prefix" min="0" id="41" category="System" seq="0" />
		<row max="255" validator="" description="" perUser="N" targetType="" type="S" title="support-email-addr" min="0" id="42" category="System" seq="0" />
		<row max="1" validator="" description="" perUser="N" targetType="" type="C" title="use-cal-organizer" min="1" id="43" category="System" seq="0" />
		<row max="255" validator="" description="" perUser="N" targetType="" type="S" title="mail-list" min="0" id="44" category="System" seq="0" />
		<row max="255" validator="" description="" perUser="N" targetType="" type="S" title="company-name" min="0" id="45" category="System" seq="0" />
		<row max="1" validator="" description="" perUser="N" targetType="" type="C" title="e_sigs_enable" min="1" id="46" category="System" seq="0" />
		<row max="255" validator="" description="" perUser="N" targetType="" type="S" title="e_sigs_roles" min="0" id="47" category="System" seq="0" />
		<row max="255" validator="" description="" perUser="N" targetType="" type="S" title="e_sigs_sign_prompt" min="0" id="48" category="System" seq="0" />
		<row max="255" validator="" description="" perUser="N" targetType="" type="S" title="e_sigs_decline_prompt" min="0" id="49" category="System" seq="0" />
		<row max="255" validator="" description="" perUser="N" targetType="" type="S" title="bug_create_url" min="0" id="50" category="System" seq="0" />
		<row max="4000" validator="" description="" perUser="N" targetType="" type="T" title="system-wide-message" min="0" id="51" category="System" seq="0" />
		<row max="4000" validator="" description="" perUser="N" targetType="" type="T" title="binary-file-patterns-big" min="0" id="52" category="System" seq="0" />
		<row max="4000" validator="" description="" perUser="N" targetType="" type="T" title="image-file-patterns-big" min="0" id="53" category="System" seq="0" />
		<row max="4000" validator="" description="" perUser="N" targetType="" type="T" title="text-file-patterns-big" min="0" id="54" category="System" seq="0" />
		<row max="4000" validator="" description="" perUser="N" targetType="" type="T" title="restricted-file-patterns-big" min="0" id="55" category="System" seq="0" />
		<row max="255" validator="" description="" perUser="N" targetType="" type="S" title="client-installer-link" min="0" id="56" category="System" seq="0" />
		<row max="1" validator="" description="" perUser="N" targetType="" type="C" title="email-enabled" min="1" id="57" category="System" seq="0" />
		<row max="255" validator="" description="" perUser="N" targetType="" type="S" title="smtp-host" min="0" id="58" category="System" seq="0" />
		<row max="65535" validator="" description="" perUser="N" targetType="" type="I" title="smtp-port" min="1" id="59" category="System" seq="0" />
		<row max="255" validator="" description="" perUser="N" targetType="" type="S" title="smtp-user-name" min="0" id="60" category="System" seq="0" />
		<row max="255" validator="" description="" perUser="N" targetType="" type="S" title="smtp-password" min="0" id="61" category="System" seq="0" />
		<row max="2000000000" validator="" description="" perUser="N" targetType="" type="I" title="license-fixed-users" min="-2000000000" id="62" category="System" seq="0" />
		<row max="2000000000" validator="" description="" perUser="N" targetType="" type="I" title="license-floating-users" min="-2000000000" id="63" category="System" seq="0" />
		<row max="2000000000" validator="" description="" perUser="N" targetType="" type="I" title="license-fixed-users-grace" min="-2000000000" id="64" category="System" seq="0" />
		<row max="2000000000" validator="" description="" perUser="N" targetType="" type="I" title="license-floating-users-grace" min="-2000000000" id="65" category="System" seq="0" />
		<row max="255" validator="" description="" perUser="N" targetType="" type="S" title="license-signature" min="0" id="66" category="System" seq="0" />
		<row max="255" validator="" description="" perUser="N" targetType="" type="S" title="license-hostname" min="0" id="67" category="System" seq="0" />
		<row max="255" validator="" description="" perUser="N" targetType="" type="S" title="license-system" min="0" id="68" category="System" seq="0" />
		<row max="255" validator="" description="" perUser="N" targetType="" type="S" title="license-issue-date" min="0" id="69" category="System" seq="0" />
		<row max="255" validator="" description="" perUser="N" targetType="" type="S" title="license-company-key" min="0" id="70" category="System" seq="0" />
		<row max="255" validator="" description="" perUser="N" targetType="" type="S" title="license-expiration-date" min="0" id="71" category="System" seq="0" />
		<row max="255" validator="" description="" perUser="N" targetType="" type="S" title="license-origin" min="0" id="72" category="System" seq="0" />
		<row max="4000" validator="" description="" perUser="N" targetType="" type="T" title="license-list" min="0" id="73" category="System" seq="0" />
		<row max="255" validator="" description="" perUser="N" targetType="" type="S" title="license-product" min="0" id="74" category="System" seq="0" />
		<row max="2000000000" validator="" description="" perUser="N" targetType="" type="I" title="min-refresh-interval" min="-2000000000" id="75" category="System" seq="0" />
		<row max="100" validator="" description="" perUser="N" targetType="" type="I" title="min-abbrev-length" min="0" id="76" category="System" seq="0" />
		<row max="255" validator="" description="" perUser="N" targetType="" type="S" title="user-login-prompt-text" min="0" id="77" category="System" seq="0" />
		<row max="2000000000" validator="" description="" perUser="N" targetType="" type="I" title="stalled-inspection-hours" min="-2000000000" id="78" category="System" seq="0" />
		<row max="2000000000" validator="" description="" perUser="N" targetType="" type="I" title="stalled-inspection-repeat-hours" min="-2000000000" id="79" category="System" seq="0" />
		<row max="2000000000" validator="" description="" perUser="N" targetType="" type="I" title="stalled-inspection-check-interval" min="-2000000000" id="80" category="System" seq="0" />
		<row max="2000000000" validator="" description="" perUser="N" targetType="" type="I" title="deadline-inspection-hours" min="-2000000000" id="81" category="System" seq="0" />
		<row max="2000000000" validator="" description="" perUser="N" targetType="" type="I" title="deadline-inspection-repeat-hours" min="-2000000000" id="82" category="System" seq="0" />
		<row max="2000000000" validator="" description="" perUser="N" targetType="" type="I" title="deadline-inspection-check-interval" min="-2000000000" id="83" category="System" seq="0" />
		<row max="4000" validator="" description="" perUser="N" targetType="" type="T" title="diff-charsets" min="0" id="84" category="System" seq="0" />
		<row max="255" validator="" description="" perUser="N" targetType="" type="S" title="review-reject-reason-description" min="0" id="85" category="System" seq="0" />
		<row max="4000" validator="" description="" perUser="N" targetType="" type="T" title="review-reject-reasons" min="0" id="86" category="System" seq="0" />
		<row max="4000" validator="" description="" perUser="N" targetType="" type="T" title="extra-Dashboard-Links" min="0" id="87" category="System" seq="0" />
		<row max="255" validator="" description="" perUser="N" targetType="" type="S" title="defect-label-singular" min="0" id="88" category="System" seq="0" />
		<row max="255" validator="" description="" perUser="N" targetType="" type="S" title="defects-label-plural" min="0" id="89" category="System" seq="0" />
		<row max="255" validator="" description="" perUser="N" targetType="" type="S" title="group-label-singular" min="0" id="90" category="System" seq="0" />
		<row max="255" validator="" description="" perUser="N" targetType="" type="S" title="groups-label-plural" min="0" id="91" category="System" seq="0" />
		<row max="1" validator="" description="" perUser="N" targetType="" type="C" title="compact-view" min="1" id="92" category="System" seq="0" />
		<row max="1" validator="" description="" perUser="N" targetType="" type="C" title="allow-moving-comments" min="1" id="93" category="System" seq="0" />
		<row max="255" validator="" description="" perUser="N" targetType="" type="S" title="instance-id" min="0" id="94" category="System" seq="0" />
		<row max="255" validator="" description="" perUser="N" targetType="" type="S" title="instance-info" min="0" id="95" category="System" seq="0" />
		<row max="255" validator="" description="" perUser="N" targetType="" type="S" title="server-guid" min="0" id="96" category="System" seq="0" />
		<row max="1" validator="" description="" perUser="N" targetType="" type="C" title="show-web-debug-to-users" min="1" id="97" category="System" seq="0" />
		<row max="1" validator="" description="" perUser="N" targetType="" type="C" title="enable-user-file-activity-log" min="1" id="98" category="System" seq="0" />
		<row max="1" validator="" description="" perUser="N" targetType="" type="C" title="move-pull-request-reviews-to-inspection" min="1" id="99" category="System" seq="0" />
		<row max="1" validator="" description="" perUser="N" targetType="" type="C" title="enable-jira-integration" min="1" id="100" category="System" seq="0" />
		<row max="1" validator="" description="" perUser="N" targetType="" type="C" title="enable-jira-new-integration" min="1" id="101" category="System" seq="0" />
		<row max="1" validator="" description="" perUser="N" targetType="" type="C" title="enable-tfs-integration" min="1" id="102" category="System" seq="0" />
		<row max="1" validator="" description="" perUser="N" targetType="" type="C" title="enable-github-polling-integration" min="1" id="103" category="System" seq="0" />
		<row max="1" validator="" description="" perUser="N" targetType="" type="C" title="enable-github-integration" min="1" id="104" category="System" seq="0" />
		<row max="1" validator="" description="" perUser="N" targetType="" type="C" title="enable-gitlab-integration" min="1" id="105" category="System" seq="0" />
		<row max="1" validator="" description="" perUser="N" targetType="" type="C" title="enable-bitbucket-integration" min="1" id="106" category="System" seq="0" />
		<row max="1" validator="" description="" perUser="N" targetType="" type="C" title="enable-azure-git-integration" min="1" id="107" category="System" seq="0" />
		<row max="1" validator="" description="" perUser="N" targetType="" type="C" title="enable-groups-sync" min="1" id="108" category="System" seq="0" />
		<row max="1" validator="" description="" perUser="N" targetType="" type="C" title="enable-rs-logging" min="1" id="109" category="System" seq="0" />
		<row max="1" validator="" description="" perUser="N" targetType="" type="C" title="enable-rs-user-admins" min="1" id="110" category="System" seq="0" />
		<row max="255" validator="" description="" perUser="N" targetType="" type="S" title="newsticker-rss-url" min="0" id="111" category="System" seq="0" />
		<row max="4000" validator="" description="" perUser="N" targetType="" type="T" title="rss-feed" min="0" id="112" category="System" seq="0" />
		<row max="255" validator="" description="" perUser="N" targetType="" type="S" title="rss-last-update-time" min="0" id="113" category="System" seq="0" />
		<row max="1" validator="" description="" perUser="N" targetType="" type="C" title="allow-duplicate-group-name" min="1" id="114" category="System" seq="0" />
		<row max="1" validator="" description="" perUser="N" targetType="" type="C" title="allow-edit-display-name" min="1" id="115" category="System" seq="0" />
		<row max="2000000000" validator="" description="" perUser="N" targetType="" type="I" title="savings-report-people-per-review" min="-2000000000" id="116" category="System" seq="0" />
		<row max="2000000000" validator="" description="" perUser="N" targetType="" type="I" title="savings-report-defects-found-per-review" min="-2000000000" id="117" category="System" seq="0" />
		<row max="255" validator="" description="" perUser="N" targetType="" type="S" title="savings-report-hours-spent-per-review-per-person" min="0" id="118" category="System" seq="0" />
		<row max="255" validator="" description="" perUser="N" targetType="" type="S" title="savings-report-hourly-labor-cost" min="0" id="119" category="System" seq="0" />
		<row max="2000000000" validator="" description="" perUser="N" targetType="" type="I" title="savings-report-reviews-per-month" min="-2000000000" id="120" category="System" seq="0" />
		<row max="255" validator="" description="" perUser="N" targetType="" type="S" title="savings-report-dev-defect-cost" min="0" id="121" category="System" seq="0" />
		<row max="255" validator="" description="" perUser="N" targetType="" type="S" title="savings-report-qa-defect-cost" min="0" id="122" category="System" seq="0" />
		<row max="255" validator="" description="" perUser="N" targetType="" type="S" title="savings-report-customer-defect-cost" min="0" id="123" category="System" seq="0" />
		<row max="2000000000" validator="" description="" perUser="N" targetType="" type="I" title="savings-report-defect-discovery-rate-increase" min="-2000000000" id="124" category="System" seq="0" />
		<row max="1" validator="" description="" perUser="N" targetType="" type="C" title="hided-files-changes-policy" min="1" id="125" category="System" seq="0" />
		<row max="255" validator="" description="" perUser="N" targetType="" type="S" title="HideFilesAllowedRole" min="0" id="126" category="System" seq="0" />
		<row max="255" validator="" description="" perUser="N" targetType="" type="S" title="HideFilesAllowedPhase" min="0" id="127" category="System" seq="0" />
		<row max="1" validator="" description="" perUser="N" targetType="" type="C" title="show-company-login-logo" min="1" id="128" category="System" seq="0" />
		<row max="1" validator="" description="" perUser="N" targetType="" type="C" title="show-company-logo" min="1" id="129" category="System" seq="0" />
		<row max="1" validator="" description="" perUser="N" targetType="" type="C" title="enable-sso" min="1" id="130" category="System" seq="0" />
		<row max="255" validator="" description="" perUser="N" targetType="" type="S" title="sso_active_token" min="0" id="131" category="System" seq="0" />
		<row max="4000" validator="" description="" perUser="N" targetType="" type="T" title="sso_crowd_config" min="0" id="132" category="System" seq="0" />
		<row max="4000" validator="" description="" perUser="N" targetType="" type="T" title="sso_saml_config" min="0" id="133" category="System" seq="0" />
		<row max="255" validator="" description="" perUser="N" targetType="" type="S" title="ldap_display_name" min="0" id="134" category="System" seq="0" />
		<row max="255" validator="" description="" perUser="N" targetType="" type="S" title="ldap_first_name" min="0" id="135" category="System" seq="0" />
		<row max="255" validator="" description="" perUser="N" targetType="" type="S" title="ldap_last_name" min="0" id="136" category="System" seq="0" />
		<row max="255" validator="" description="" perUser="N" targetType="" type="S" title="ldap_phone" min="0" id="137" category="System" seq="0" />
		<row max="255" validator="" description="" perUser="N" targetType="" type="S" title="ldap_department" min="0" id="138" category="System" seq="0" />
		<row max="255" validator="" description="" perUser="N" targetType="" type="S" title="ldap_email" min="0" id="139" category="System" seq="0" />
		<row max="1" validator="" description="" perUser="N" targetType="" type="C" title="ldap-group-synchronize" min="1" id="140" category="System" seq="0" />
		<row max="1" validator="" description="" perUser="N" targetType="" type="C" title="enable-new-ldap-group-creation" min="1" id="141" category="System" seq="0" />
		<row max="1" validator="" description="" perUser="N" targetType="" type="C" title="enable-ldap-mapping" min="1" id="142" category="System" seq="0" />
		<row max="255" validator="" description="" perUser="N" targetType="" type="S" title="default-web-ui-theme-key" min="0" id="143" category="System" seq="0" />
		<row max="1" validator="" description="" perUser="N" targetType="" type="C" title="show-usage-license-list-when-access-denied" min="1" id="144" category="System" seq="0" />
		<row max="255" validator="" description="" perUser="N" targetType="" type="S" title="ldap_group_creation_filter" min="0" id="145" category="System" seq="0" />
		<row max="2000000000" validator="" description="" perUser="N" targetType="User" type="I" title="notification" min="0" id="146" category="SystemUserPrefs" seq="0" />
		<row max="2000000000" validator="" description="" perUser="N" targetType="User" type="I" title="notification_wait" min="0" id="147" category="SystemUserPrefs" seq="0" />
		<row max="2000000000" validator="" description="" perUser="N" targetType="User" type="I" title="notification_sendto" min="0" id="148" category="SystemUserPrefs" seq="0" />
		<row max="255" validator="" description="" perUser="N" targetType="User" type="S" title="timeZone" min="0" id="149" category="SystemUserPrefs" seq="0" />
		<row max="2000000000" validator="" description="" perUser="N" targetType="User" type="I" title="copyAuthor" min="0" id="150" category="SystemUserPrefs" seq="0" />
		<row max="2000000000" validator="" description="" perUser="N" targetType="User" type="I" title="defaultVersion" min="0" id="151" category="SystemUserPrefs" seq="0" />
		<row max="1" validator="" description="" perUser="N" targetType="User" type="C" title="defaultVersionCommentLocationLinks" min="1" id="152" category="SystemUserPrefs" seq="0" />
		<row max="2000000000" validator="" description="" perUser="N" targetType="User" type="I" title="defaultScale" min="0" id="153" category="SystemUserPrefs" seq="0" />
		<row max="2000000000" validator="" description="" perUser="N" targetType="User" type="I" title="itemCaptionContent" min="0" id="154" category="SystemUserPrefs" seq="0" />
		<row max="1" validator="" description="" perUser="N" targetType="User" type="C" title="versionOrder" min="1" id="155" category="SystemUserPrefs" seq="0" />
		<row max="1" validator="" description="" perUser="N" targetType="User" type="C" title="ignoreWhitespace" min="1" id="156" category="SystemUserPrefs" seq="0" />
		<row max="1" validator="" description="" perUser="N" targetType="User" type="C" title="ignoreCapitalization" min="1" id="157" category="SystemUserPrefs" seq="0" />
		<row max="1" validator="" description="" perUser="N" targetType="User" type="C" title="ignoreSequenceNumber" min="1" id="158" category="SystemUserPrefs" seq="0" />
		<row max="1" validator="" description="" perUser="N" targetType="User" type="C" title="scmConsolidationMethod" min="1" id="159" category="SystemUserPrefs" seq="0" />
		<row max="255" validator="" description="" perUser="N" targetType="User" type="S" title="compactView" min="0" id="160" category="SystemUserPrefs" seq="0" />
		<row max="255" validator="" description="" perUser="N" targetType="User" type="S" title="ChildrenStyle" min="0" id="161" category="SystemUserPrefs" seq="0" />
		<row max="2000000000" validator="" description="" perUser="N" targetType="User" type="I" title="jiraDefaultProject" min="-2000000000" id="162" category="SystemUserPrefs" seq="0" />
		<row max="255" validator="" description="" perUser="N" targetType="User" type="S" title="dateFormatPattern" min="0" id="163" category="SystemUserPrefs" seq="0" />
		<row max="255" validator="" description="" perUser="N" targetType="User" type="S" title="timeFormatPattern" min="0" id="164" category="SystemUserPrefs" seq="0" />
		<row max="255" validator="" description="" perUser="N" targetType="User" type="S" title="webUITheme" min="0" id="165" category="SystemUserPrefs" seq="0" />
		<row max="4000" validator="" description="" perUser="N" targetType="User" type="T" title="recentReviewIds" min="0" id="166" category="SystemUserPrefs" seq="0" />
		<row max="4000" validator="" description="" perUser="N" targetType="User" type="T" title="dashboardColumns" min="0" id="167" category="SystemUserPrefs" seq="0" />
		<row max="2000000000" validator="" description="Level of potential impact or criticality of this finding to the customer." perUser="N" targetType="Defect" type="B" title="Severity" min="0" id="168" category="AdminDefectFields" seq="1" />
		<row max="2000000000" validator="" description="Issue - Change to artifact that materially affects its core purpose&#13;&#10;&#13;&#10;Trivial Issue - Trivial change to artifact.  Mostly spelling and grammatical errors would be classified as Trivial-Issues&#13;&#10;&#13;&#10;Non-Issue - Finding not implemented in artifact" perUser="N" targetType="Defect" type="B" title="Finding Status" min="0" id="169" category="AdminDefectFields" seq="0" />
		<row max="4000" validator="" description="" perUser="N" targetType="Review" type="T" title="Overview" min="0" id="170" category="AdminReviewFields" seq="99999" />
		<row max="1" validator="" description="" perUser="N" targetType="Review" type="C" title="Consolidated" min="1" id="171" category="ReviewInternalFields" seq="0" />
		<row max="1" validator="" description="" perUser="N" targetType="Review" type="C" title="RestrictedUpload" min="1" id="172" category="ReviewInternalFields" seq="0" />
		<row max="255" validator="" description="" perUser="N" targetType="Review" type="S" title="ExternalTaskId" min="0" id="173" category="ReviewInternalFields" seq="0" />
		<row max="255" validator="" description="" perUser="N" targetType="Review" type="S" title="JiraIssueId" min="0" id="174" category="ReviewInternalFields" seq="0" />
		<row max="4000" validator="" description="" perUser="N" targetType="Review" type="T" title="ChangelistLog" min="0" id="175" category="ReviewInternalFields" seq="0" />
		<row max="0" validator="" description="" perUser="N" targetType="ReviewTemplate" type="L" title="ReviewFields" min="0" id="176" category="TemplateCustomFields" seq="0" />
		<row max="0" validator="" description="" perUser="N" targetType="ReviewTemplate" type="L" title="ParticipantFields" min="0" id="177" category="TemplateCustomFields" seq="0" />
		<row max="0" validator="" description="" perUser="N" targetType="ReviewTemplate" type="L" title="DefectFields" min="0" id="178" category="TemplateCustomFields" seq="0" />
		<row max="0" validator="" description="" perUser="N" targetType="ReviewTemplate" type="L" title="DisabledExternalLinks" min="0" id="179" category="TemplateDisabledExternalLinks" seq="0" />
		<row max="0" validator="" description="" perUser="N" targetType="ReviewTemplate" type="L" title="DisabledRemoteSystemsLinking" min="0" id="180" category="TemplateDisabledRemoteSystemsLinking" seq="0" />
		<row max="0" validator="" description="" perUser="N" targetType="Checklist" type="L" title="ChecklistFields" min="0" id="181" category="ChecklistCustomFields" seq="0" />
		<row max="0" validator="" description="" perUser="N" targetType="ReviewChecklistItem" type="L" title="ReviewChecklistItemFields" min="0" id="182" category="ReviewChecklistItemCustomFields" seq="0" />
		<row max="2000000000" validator="" description="" perUser="N" targetType="MetaDataDescription" type="I" title="Visible on Phases" min="-2000000000" id="183" category="ReviewCustomFieldProperties" seq="0" />
		<row max="2000000000" validator="" description="" perUser="N" targetType="MetaDataDescription" type="I" title="Apply to Subitems" min="-2000000000" id="184" category="ReviewCustomFieldProperties" seq="0" />
		<row max="2000000000" validator="" description="" perUser="N" targetType="MetaDataDescription" type="I" title="Mandatory on Phases" min="-2000000000" id="185" category="ReviewCustomFieldProperties" seq="0" />
		<row max="2000000000" validator="" description="" perUser="N" targetType="MetaDataDescription" type="I" title="AllowReworkVisit" min="-2000000000" id="186" category="ReviewCustomFieldProperties" seq="0" />
		<row max="2000000000" validator="" description="" perUser="N" targetType="MetaDataDescription" type="I" title="Allowed to Modify" min="-2000000000" id="187" category="ReviewCustomFieldProperties" seq="0" />
		<row max="1" validator="" description="" perUser="N" targetType="MetaDataDescription" type="C" title="Ordering" min="1" id="188" category="SelectCustomFieldProperties" seq="0" />
		<row max="255" validator="" description="" perUser="N" targetType="" type="S" title="configuration" min="0" id="189" category="ScmConfigTemplate_subversion" seq="0" />
		<row max="1" validator="" description="" perUser="N" targetType="" type="C" title="enforceAccessPermission" min="1" id="190" category="ScmConfigTemplate_subversion" seq="0" />
		<row max="255" validator="" description="" perUser="N" targetType="" type="S" title="configuration" min="0" id="191" category="ScmConfigTemplate_cvs" seq="0" />
		<row max="1" validator="" description="" perUser="N" targetType="" type="C" title="enforceAccessPermission" min="1" id="192" category="ScmConfigTemplate_cvs" seq="0" />
		<row max="255" validator="" description="" perUser="N" targetType="" type="S" title="configuration" min="0" id="193" category="ScmConfigTemplate_perforce" seq="0" />
		<row max="1" validator="" description="" perUser="N" targetType="" type="C" title="enforceAccessPermission" min="1" id="194" category="ScmConfigTemplate_perforce" seq="0" />
		<row max="255" validator="" description="" perUser="N" targetType="" type="S" title="configuration" min="0" id="195" category="ScmConfigTemplate_clearcase" seq="0" />
		<row max="1" validator="" description="" perUser="N" targetType="" type="C" title="enforceAccessPermission" min="1" id="196" category="ScmConfigTemplate_clearcase" seq="0" />
		<row max="255" validator="" description="" perUser="N" targetType="" type="S" title="configuration" min="0" id="197" category="ScmConfigTemplate_tfs" seq="0" />
		<row max="1" validator="" description="" perUser="N" targetType="" type="C" title="enforceAccessPermission" min="1" id="198" category="ScmConfigTemplate_tfs" seq="0" />
		<row max="255" validator="" description="" perUser="N" targetType="" type="S" title="configuration" min="0" id="199" category="ScmConfigTemplate_vss" seq="0" />
		<row max="1" validator="" description="" perUser="N" targetType="" type="C" title="enforceAccessPermission" min="1" id="200" category="ScmConfigTemplate_vss" seq="0" />
		<row max="255" validator="" description="" perUser="N" targetType="" type="S" title="configuration" min="0" id="201" category="ScmConfigTemplate_cmvc" seq="0" />
		<row max="1" validator="" description="" perUser="N" targetType="" type="C" title="enforceAccessPermission" min="1" id="202" category="ScmConfigTemplate_cmvc" seq="0" />
		<row max="255" validator="" description="" perUser="N" targetType="" type="S" title="configuration" min="0" id="203" category="ScmConfigTemplate_accurev" seq="0" />
		<row max="1" validator="" description="" perUser="N" targetType="" type="C" title="enforceAccessPermission" min="1" id="204" category="ScmConfigTemplate_accurev" seq="0" />
		<row max="255" validator="" description="" perUser="N" targetType="" type="S" title="configuration" min="0" id="205" category="ScmConfigTemplate_starteam" seq="0" />
		<row max="1" validator="" description="" perUser="N" targetType="" type="C" title="enforceAccessPermission" min="1" id="206" category="ScmConfigTemplate_starteam" seq="0" />
		<row max="255" validator="" description="" perUser="N" targetType="" type="S" title="configuration" min="0" id="207" category="ScmConfigTemplate_mercurial" seq="0" />
		<row max="1" validator="" description="" perUser="N" targetType="" type="C" title="enforceAccessPermission" min="1" id="208" category="ScmConfigTemplate_mercurial" seq="0" />
		<row max="255" validator="" description="" perUser="N" targetType="" type="S" title="configuration" min="0" id="209" category="ScmConfigTemplate_git" seq="0" />
		<row max="1" validator="" description="" perUser="N" targetType="" type="C" title="enforceAccessPermission" min="1" id="210" category="ScmConfigTemplate_git" seq="0" />
		<row max="255" validator="" description="" perUser="N" targetType="" type="S" title="configuration" min="0" id="211" category="ScmConfigTemplate_synergy" seq="0" />
		<row max="1" validator="" description="" perUser="N" targetType="" type="C" title="enforceAccessPermission" min="1" id="212" category="ScmConfigTemplate_synergy" seq="0" />
		<row max="255" validator="" description="" perUser="N" targetType="" type="S" title="configuration" min="0" id="213" category="ScmConfigTemplate_rtc" seq="0" />
		<row max="1" validator="" description="" perUser="N" targetType="" type="C" title="enforceAccessPermission" min="1" id="214" category="ScmConfigTemplate_rtc" seq="0" />
		<row max="255" validator="" description="" perUser="N" targetType="" type="S" title="configuration" min="0" id="215" category="ScmConfigTemplate_surround" seq="0" />
		<row max="1" validator="" description="" perUser="N" targetType="" type="C" title="enforceAccessPermission" min="1" id="216" category="ScmConfigTemplate_surround" seq="0" />
		<row max="255" validator="" description="" perUser="N" targetType="" type="S" title="configuration" min="0" id="217" category="ScmConfigTemplate_mks" seq="0" />
		<row max="1" validator="" description="" perUser="N" targetType="" type="C" title="enforceAccessPermission" min="1" id="218" category="ScmConfigTemplate_mks" seq="0" />
		<row max="255" validator="" description="" perUser="N" targetType="" type="S" title="configuration" min="0" id="219" category="ScmConfigTemplate_vault" seq="0" />
		<row max="1" validator="" description="" perUser="N" targetType="" type="C" title="enforceAccessPermission" min="1" id="220" category="ScmConfigTemplate_vault" seq="0" />
		<row max="4000" validator="" description="Review created.  No files or participants yet." perUser="N" targetType="" type="T" title="Review Created" min="0" id="221" category="AdminTriggerFields" seq="1" />
		<row max="4000" validator="" description="Review phase changed, e.g. Planning -&gt; Inspection or Inspection -&gt; Cancelled." perUser="N" targetType="" type="T" title="Review Phase Changed" min="0" id="222" category="AdminTriggerFields" seq="3" />
		<row max="4000" validator="" description="Files and/or changelists attached to a review." perUser="N" targetType="" type="T" title="Added Files" min="0" id="223" category="AdminTriggerFields" seq="4" />
		<row max="4000" validator="" description="A notification (email, RSS, etc.) was sent to someone." perUser="N" targetType="" type="T" title="Notifications Sent" min="0" id="224" category="AdminTriggerFields" seq="6" />
		<row max="4000" validator="" description="A defect was added, modified, or marked open/fixed.  Use the defect unique ID to determine the difference." perUser="N" targetType="" type="T" title="Defect Activity" min="0" id="225" category="AdminTriggerFields" seq="7" />
		<row max="4000" validator="" description="A new user was created.  This runs whether or not the creation was automated or manual." perUser="N" targetType="" type="T" title="User Created" min="0" id="226" category="AdminTriggerFields" seq="8" />
		<row max="4000" validator="" description="A participant was added, modified or removed from a review." perUser="N" targetType="" type="T" title="Role Changed" min="0" id="227" category="AdminTriggerFields" seq="9" />
		<row max="2000000000" validator="" description="" perUser="N" targetType="Checklist" type="B" title="Answer" min="0" id="228" category="AdminChecklistFields" seq="-99999" />
		<row max="1000" validator="" description="" perUser="N" targetType="Checklist" type="T" title="Comments" min="0" id="229" category="AdminChecklistFields" seq="-99998" />
		<row max="255" validator="" description="" perUser="N" targetType="Review" type="S" title="Part Number(s)" min="0" id="230" category="AdminReviewFields" seq="0" />
		<row max="20" validator="" description="" perUser="N" targetType="Review" type="S" title="Revision" min="0" id="231" category="AdminReviewFields" seq="99999" />
		<row max="1" validator="" description="" perUser="N" targetType="" type="C" title="allow-mark-all-read-in-review-materials" min="1" id="232" category="System" seq="0" />
		<row max="1" validator="" description="" perUser="N" targetType="" type="C" title="allow-upload-url" min="1" id="233" category="System" seq="0" />
		<row max="1" validator="" description="" perUser="N" targetType="" type="C" title="use-oauth-mailer" min="1" id="234" category="System" seq="0" />
		<row max="255" validator="" description="" perUser="N" targetType="" type="S" title="simulink-license-product" min="0" id="235" category="System" seq="0" />
		<row max="2000000000" validator="" description="" perUser="N" targetType="" type="I" title="simulink-license-fixed-users" min="-2000000000" id="236" category="System" seq="0" />
		<row max="2000000000" validator="" description="" perUser="N" targetType="" type="I" title="simulink-license-fixed-users-grace" min="-2000000000" id="237" category="System" seq="0" />
		<row max="255" validator="" description="" perUser="N" targetType="" type="S" title="simulink-license-signature" min="0" id="238" category="System" seq="0" />
		<row max="255" validator="" description="" perUser="N" targetType="" type="S" title="simulink-license-hostname" min="0" id="239" category="System" seq="0" />
		<row max="4000" validator="" description="" perUser="N" targetType="" type="T" title="simulink-license-user-list" min="0" id="240" category="System" seq="0" />
		<row max="255" validator="" description="" perUser="N" targetType="" type="S" title="simulink-license-system" min="0" id="241" category="System" seq="0" />
		<row max="255" validator="" description="" perUser="N" targetType="" type="S" title="simulink-license-issue-date" min="0" id="242" category="System" seq="0" />
		<row max="255" validator="" description="" perUser="N" targetType="" type="S" title="simulink-license-company-key" min="0" id="243" category="System" seq="0" />
		<row max="255" validator="" description="" perUser="N" targetType="" type="S" title="simulink-license-expiration-date" min="0" id="244" category="System" seq="0" />
		<row max="255" validator="" description="" perUser="N" targetType="" type="S" title="simulink-license-origin" min="0" id="245" category="System" seq="0" />
		<row max="4000" validator="" description="" perUser="N" targetType="" type="T" title="simulink-license-list" min="0" id="246" category="System" seq="0" />
		<row max="1" validator="" description="" perUser="N" targetType="" type="C" title="enable-rs-auto-pulling" min="1" id="247" category="System" seq="0" />
		<row max="2000000000" validator="" description="" perUser="N" targetType="" type="I" title="rs-auto-pulling-interval" min="-2000000000" id="248" category="System" seq="0" />
		<row max="4000" validator="" description="" perUser="N" targetType="" type="T" title="remote_login_options" min="0" id="249" category="System" seq="0" />
		<row max="255" validator="" description="" perUser="N" targetType="" type="S" title="matlab-executable" min="0" id="250" category="System" seq="0" />
		<row max="255" validator="" description="" perUser="N" targetType="Review" type="S" title="ReviewRejectReason" min="0" id="251" category="ReviewString" seq="0" />
		<row max="2000000000" validator="" description="" perUser="N" targetType="Review" type="B" title="Priority" min="0" id="252" category="AdminReviewFields" seq="2" />
		<row max="2000000000" validator="" description="Select &quot;Approved&quot; once final review of artifact(s) is complete" perUser="Y" targetType="Review" type="B" title="Approval" min="0" id="253" category="AdminReviewParticipantFields" seq="99999" />
		<row max="2000000000" validator="" description="Select &quot;Approved&quot; once final review of artifact(s) is complete" perUser="N" targetType="Review" type="B" title="Final Approval" min="0" id="254" category="AdminReviewFields" seq="99999" />
		<row max="255" validator="" description="Type &quot;Approved&quot; once final review of artifact(s) is complete" perUser="Y" targetType="Review" type="S" title="Final Approval" min="0" id="255" category="AdminReviewParticipantFields" seq="99999" />
		<row max="2000000000" validator="" description="By selecting &quot;yes&quot;, reviewers acknowledge they have reviewed and approved all artifacts and findings." perUser="Y" targetType="Review" type="B" title="Final Approval" min="0" id="256" category="AdminReviewParticipantFields" seq="-99999" />
		<row max="4000" validator="" description="Add Resolution Summary from Jira CR" perUser="N" targetType="Review" type="T" title="Scope of Change (Resolution Summary)" min="0" id="257" category="AdminReviewFields" seq="99999" />
		<row max="4000" validator="" description="List respective labor NWAs" perUser="N" targetType="Review" type="T" title="NWA" min="0" id="258" category="AdminReviewFields" seq="99999" />
		<row max="2000000000" validator="" description="Current status" perUser="N" targetType="Review" type="B" title="Review Status" min="0" id="259" category="AdminReviewFields" seq="99999" />
		<row max="2000000000" validator="" description="" perUser="N" targetType="" type="I" title="system-version" min="0" id="260" category="System" seq="0" />
		<row max="1" validator="" description="" perUser="N" targetType="" type="C" title="allow-download-review-materials" min="1" id="261" category="System" seq="0" />
		<row max="2000000000" validator="" description="" perUser="N" targetType="" type="I" title="attachment-max-size" min="0" id="262" category="System" seq="0" />
		<row max="255" validator="" description="" perUser="N" targetType="" type="S" title="doors-license-product" min="0" id="263" category="System" seq="0" />
		<row max="2000000000" validator="" description="" perUser="N" targetType="" type="I" title="doors-license-fixed-users" min="-2000000000" id="264" category="System" seq="0" />
		<row max="2000000000" validator="" description="" perUser="N" targetType="" type="I" title="doors-license-fixed-users-grace" min="-2000000000" id="265" category="System" seq="0" />
		<row max="255" validator="" description="" perUser="N" targetType="" type="S" title="doors-license-signature" min="0" id="266" category="System" seq="0" />
		<row max="255" validator="" description="" perUser="N" targetType="" type="S" title="doors-license-hostname" min="0" id="267" category="System" seq="0" />
		<row max="8192" validator="" description="" perUser="N" targetType="" type="T" title="doors-license-user-list" min="0" id="268" category="System" seq="0" />
		<row max="255" validator="" description="" perUser="N" targetType="" type="S" title="doors-license-system" min="0" id="269" category="System" seq="0" />
		<row max="255" validator="" description="" perUser="N" targetType="" type="S" title="doors-license-issue-date" min="0" id="270" category="System" seq="0" />
		<row max="255" validator="" description="" perUser="N" targetType="" type="S" title="doors-license-company-key" min="0" id="271" category="System" seq="0" />
		<row max="255" validator="" description="" perUser="N" targetType="" type="S" title="doors-license-expiration-date" min="0" id="272" category="System" seq="0" />
		<row max="255" validator="" description="" perUser="N" targetType="" type="S" title="doors-license-origin" min="0" id="273" category="System" seq="0" />
		<row max="8192" validator="" description="" perUser="N" targetType="" type="T" title="doors-license-list" min="0" id="274" category="System" seq="0" />
		<row max="1" validator="" description="" perUser="N" targetType="" type="C" title="make-contributor-an-author" min="1" id="275" category="System" seq="0" />
		<row max="1" validator="" description="" perUser="N" targetType="" type="C" title="allow-comments-before-inspection-phase" min="1" id="276" category="System" seq="0" />
		<row max="2000000000" validator="" description="" perUser="N" targetType="User" type="I" title="notification_channel" min="0" id="277" category="SystemUserPrefs" seq="0" />
		<row max="8192" validator="" description="" perUser="N" targetType="User" type="T" title="projectsDashboardColumns" min="0" id="278" category="SystemUserPrefs" seq="0" />
		<row max="8192" validator="" description="Review deleted." perUser="N" targetType="" type="T" title="Review Deleted" min="0" id="279" category="AdminTriggerFields" seq="2" />
		<row max="8192" validator="" description="Changelists deleted from a review." perUser="N" targetType="" type="T" title="Deleted Files" min="0" id="280" category="AdminTriggerFields" seq="5" />
		<row max="1" validator="" description="" perUser="N" targetType="" type="C" title="license-notification-to-system-admin" min="1" id="281" category="System" seq="0" />
		<row max="1" validator="" description="" perUser="N" targetType="" type="C" title="allow-see-all-projects" min="1" id="282" category="System" seq="0" />
		<row max="1" validator="" description="" perUser="N" targetType="" type="C" title="allow-create-projects" min="1" id="283" category="System" seq="0" />
		<row max="1" validator="" description="" perUser="N" targetType="" type="C" title="user_activity_duration_enabled" min="1" id="284" category="System" seq="0" />
		<row max="1" validator="" description="" perUser="N" targetType="" type="C" title="allow-docpage-caching" min="1" id="285" category="System" seq="0" />
	</rows>
</table>