<Server port="16000" shutdown="edf5281082b06ae8c685abf1fe93fa26">
      
  
    <Listener className="org.apache.catalina.mbeans.GlobalResourcesLifecycleListener"/>
      
    <GlobalNamingResources>
            
        <Resource auth="Container" description="User database that can be updated and saved" factory="org.apache.catalina.users.MemoryUserDatabaseFactory" name="UserDatabase" pathname="conf/tomcat-users.xml" type="org.apache.catalina.UserDatabase"/>
            
  
    </GlobalNamingResources>
      
    <Service name="Catalina">
            
            
        <Connector SSLEnabled="true" acceptCount="100" clientAuth="false" disableUploadTimeout="true" enableLookups="true" keystoreFile="conf/collab.ks" keystorePass="buildcode" maxThreads="100" minSpareThreads="5" port="443" protocol="org.apache.coyote.http11.Http11NioProtocol" scheme="https" secure="true" sslEnabledProtocols="+TLSv1.3" sslProtocol="TLS"/>
            
    
        <Engine defaultHost="localhost" name="Catalina">
                  
            <Host appBase="webapps" autoDeploy="false" name="localhost">
      </Host>
                  
      
            <Realm className="org.apache.catalina.realm.UserDatabaseRealm"/>
                
        </Engine>
          
    </Service>
    
    <Listener SSLEngine="on" className="org.apache.catalina.core.AprLifecycleListener"/>
    
    <Listener className="org.apache.catalina.startup.VersionLoggerListener"/>
    
    <Listener className="org.apache.catalina.core.JreMemoryLeakPreventionListener"/>
    
    <Listener className="org.apache.catalina.core.ThreadLocalLeakPreventionListener"/>
    
</Server>
