<Server port="16000" shutdown="9fb48b9e9283511c6afd7a79c6e46952">
      
    <Listener className="org.apache.catalina.startup.VersionLoggerListener"/>
      
    <Listener SSLEngine="on" className="org.apache.catalina.core.AprLifecycleListener"/>
      
    <Listener className="org.apache.catalina.core.JreMemoryLeakPreventionListener"/>
      
    <Listener className="org.apache.catalina.mbeans.GlobalResourcesLifecycleListener"/>
      
    <Listener className="org.apache.catalina.core.ThreadLocalLeakPreventionListener"/>
      
    <GlobalNamingResources>
            
        <Resource auth="Container" description="User database that can be updated and saved" factory="org.apache.catalina.users.MemoryUserDatabaseFactory" name="UserDatabase" pathname="conf/tomcat-users.xml" type="org.apache.catalina.UserDatabase"/>
          
    </GlobalNamingResources>
      
    <Service name="Catalina">
            
       	
		<Connector protocol="org.apache.coyote.http11.Http11NioProtocol"
		port="27003" enableLookups="true" disableUploadTimeout="true"
		acceptCount="100" maxThreads="100"
		scheme="https" secure="true"
		SSLEnabled="true" sslEnabledProtocols="+TLSv1.3+TLSv1.2"
		keystoreFile="C:\sslcert\2023\srdeneng01_08.jks" keystorePass="" clientAuth="false" sslProtocol="TLS"/>
              
        <Engine defaultHost="localhost" name="Catalina">
                    
            <Host appBase="webapps" autoDeploy="false" name="localhost">
        </Host>
                    
            <Realm className="org.apache.catalina.realm.UserDatabaseRealm"/>
                
        </Engine>
          
    </Service>
    
</Server>
