<Server port="16000" shutdown="9fb48b9e9283511c6afd7a79c6e46952">
      
    <Listener className="org.apache.catalina.startup.VersionLoggerListener"/>
      
    <Listener SSLEngine="on" className="org.apache.catalina.core.AprLifecycleListener"/>
      
    <Listener className="org.apache.catalina.core.JreMemoryLeakPreventionListener"/>
      
    <Listener className="org.apache.catalina.mbeans.GlobalResourcesLifecycleListener"/>
      
    <Listener className="org.apache.catalina.core.ThreadLocalLeakPreventionListener"/>
      
    <GlobalNamingResources>
            
        <Resource auth="Container" description="User database that can be updated and saved" factory="org.apache.catalina.users.MemoryUserDatabaseFactory" name="UserDatabase" pathname="conf/tomcat-users.xml" type="org.apache.catalina.UserDatabase"/>
          
    </GlobalNamingResources>
      
    <Service name="Catalina">
            
        <Connector acceptCount="100" compression="on" connectionTimeout="20000" disableUploadTimeout="true" maxHttpHeaderSize="8192" maxThreads="95" minSpareThreads="25" port="8080" redirectPort="8443"/>
              
        <Engine defaultHost="localhost" name="Catalina">
                    
            <Host appBase="webapps" autoDeploy="false" name="localhost">
        </Host>
                    
            <Realm className="org.apache.catalina.realm.UserDatabaseRealm"/>
                
        </Engine>
          
    </Service>
    
</Server>
