<!-- 
	Context configuration for Code Collaborator.  

	For general information on configuring web application contexts, see
	documentation at:  
	
	http://tomcat.apache.org/tomcat-5.5-doc/config/context.html
 --><Context docBase="${catalina.home}/wars/smartbear-ccollab-server.war" privileged="true" reloadable="false">
    	
    <Valve className="com.smartbear.ccollab.auth.AuthTicketValve" collabDbJndiName="/jdbc/collabserver"/>
        
    <Valve characterEncoding="UTF-8" className="org.apache.catalina.authenticator.FormAuthenticator"/>
    	
    <Valve className="org.apache.catalina.valves.ErrorReportValve" showServerInfo="false"/>
    	
    <!-- 
		Code Collaborator database configuration.
	
		The underlying database is exposed as a named resource in the 
		application's JNDI namespace at the well-known name "/jdbc/collabserver".
		Because this well-known name is also used directly in the software, it 
		*must not* be changed.  However, the underlying datasource can be configured
		to support the specific configuration that is desired.
		
		For information on configuring Data Sources, see documentation available at:
		
		http://tomcat.apache.org/tomcat-5.5-doc/jndi-datasource-examples-howto.html
		
		Keep in mind that Code Collaborator does not necessarily support all of the 
		databases that are documented in the Data Source documentation.
	-->
       
	<!-- original local database   
    <Resource driverClassName="org.hsqldb.jdbcDriver" factory="org.apache.tomcat.jdbc.pool.DataSourceFactory" maxActive="155" maxIdle="20" maxWait="10000" name="/jdbc/collabserver" password="" scope="Sharable" testOnBorrow="true" type="javax.sql.DataSource" url="jdbc:hsqldb:file:${catalina.home}/database" username="sa" validationQuery="select 1 from INFORMATION_SCHEMA.SYSTEM_USERS"/>
	-->
	
	<Resource driverClassName="com.mysql.cj.jdbc.Driver" factory="org.apache.tomcat.jdbc.pool.DataSourceFactory" maxActive="200" maxIdle="20" maxWait="10000" 
	name="/jdbc/collabserver" password="" scope="Sharable" testOnBorrow="true" type="javax.sql.DataSource" 
	url="jdbc:mysql://localhost:3309/ccollab14502_eval01?useServerPrepStmts=false&amp;useUnicode=true&amp;characterEncoding=UTF-8&amp;autoReconnect=true&amp;serverTimezone=GMT-5" 
	   username="collabuser" validationQuery="SELECT 1"/>
	
    <!-- 
		Code Collaborator authentication realm configuration.
		
		For documentation on configuring security realms, see:

		http://tomcat.apache.org/tomcat-5.5-doc/realm-howto.html
		
		If Code Collaborator is not using the configured data source (/jdbc/collabserver),
		for the realm, additional changes must be made, below in Code Collaborator 
		Parameters.  Specifically, the collaborator-authentication parameter must be
		set to false and the system-administrator must be set to a username available 
		in the configured realm.
	 -->
	 
	 <!-- original user database 
    	
    <Realm allRolesMode="strictAuthOnly" className="org.apache.catalina.realm.DataSourceRealm" dataSourceName="/jdbc/collabserver" localDataSource="true" roleNameCol="user_admin" userCredCol="user_password" userNameCol="user_login" userRoleTable="USER" userTable="USER">
        		
        <CredentialHandler algorithm="md5" className="org.apache.catalina.realm.MessageDigestCredentialHandler"/>
        	
    </Realm>
	
	-->
	
	<!-- 
	    2022/11/01 iv per request from Bobby Jackson the Canada group was added. Two LDAP realms had to be created in order to make this work 
    -->	
	<Realm className="org.apache.catalina.realm.CombinedRealm">
		<Realm allRolesMode="strictAuthOnly" 
				className="org.apache.catalina.realm.JNDIRealm" 
				connectionName="Sds\fgpr0010" 
				connectionPassword="L@@!" 
				connectionURL="ldap://wdc024.sds.safran:389" 
				referrals="follow" 
				userBase="OU=1-ACCOUNTS-USERS,OU=SGA,OU=1-SUBSIDIARIES,DC=sds,DC=safran" 
				userSearch="(sAMAccountName={0})" 
				userSubtree="true"/>
				
		<Realm allRolesMode="strictAuthOnly" 
				className="org.apache.catalina.realm.JNDIRealm" 
				connectionName="Sds\fgpr0010" 
				connectionPassword="L@@!" 
				connectionURL="ldap://wdc024.sds.safran:389" 
				referrals="follow" 
				userBase="OU=1-ACCOUNTS-USERS,OU=SCC,OU=1-SUBSIDIARIES,DC=sds,DC=safran" 
				userSearch="(sAMAccountName={0})" 
				userSubtree="true"/>
				
			
	</Realm>

	
    	
    <!-- This needs for proper RTC integration when you put RTC plain libraries to tomcat/shared_lib-->
    	
    <Resources className="org.apache.catalina.webresources.StandardRoot">
        		
        <JarResources base="${catalina.base}/shared_lib" className="org.apache.catalina.webresources.DirResourceSet" webAppMount="/WEB-INF/lib"/>
        		
        <JarResources base="${catalina.home}/shared_lib" className="org.apache.catalina.webresources.DirResourceSet" webAppMount="/WEB-INF/lib"/>
        	
    </Resources>
    	
    <!--
		Code Collaborator Parameters
		
		Configuration parameters made available to the Code Collaborator application.
	 -->
    	
	
    <Parameter description="Is the Code Collaborator database used for authentication?" name="collaborator-authentication" override="false" value="false"/>
        
    <Parameter description="Should older, less secure, clients be allowed to connect to the Code Collaborator server." name="client-compatibility" override="false" value="false"/>
    	
    <Parameter description="The name of the Code Collaborator system administrator who is always allowed to log in." name="system-administrator" override="false" value="FKT304738"/>
    	
    <Parameter description="Directory (relative to tomcat) where Code Collaborator caches file contents." name="content-cache" override="false" value="E:\ccollab14502-eval01\eval01-collaborator-content-cache"/>
    	
    <!-- 
		The following parameter is used for migrating data from one database type to 
		another.  Please read the documentation on database migration carefully before
		changing this value.
	-->
    	
    <Parameter description="Full path to migration/backup database to restore" name="database-migration-data-path" override="false" value=""/>
    	
    <!-- To avoid scanning all files in content-cache while starting tomcat -->
    	
    <JarScanner scanClassPath="false"/>
    
    <Parameter description="Directory (relative to tomcat) where Code Collaborator stores static content." name="content-webserver" override="false" value="E:\ccollab14502-eval01\eval01-collaborator-webserver"/>
    <CookieProcessor className="org.apache.tomcat.util.http.Rfc6265CookieProcessor" sameSiteCookies="lax"/>
</Context>
